animal_zodiac,fortune
rat,"오늘 쥐띠인 당신, 주변보다 한 발 먼저 기회를 포착할 수 있는 날입니다. 오늘은 듣는 자세가 큰 도움이 될 수 있습니다. 괜찮다는 마음 하나면 충분한 날입니다."
rat,머리가 유독 잘 돌아가는 날이에요. 쥐띠 기운이 오늘 판단력을 높여줍니다. 조금 느리게 가는 것이 오히려 현명할 수 있습니다. 괜찮다는 마음 하나면 충분한 날입니다.
rat,오늘 쥐띠는 계산보다 직감이 먼저인 날입니다. 빠르게 움직여도 됩니다. 주변의 작은 친절이 큰 힘이 될 수 있습니다. 지금의 선택이 나중에 좋은 기억이 될 수 있습니다.
rat,눈치가 평소보다 빨라지는 날이에요. 쥐띠인 당신에게 유리한 흐름입니다. 작은 선택 하나가 긍정적인 흐름을 만들 수 있습니다. 괜찮다는 마음 하나면 충분한 날입니다.
rat,오늘 작은 정보 하나가 쥐띠인 당신에게 큰 힌트가 될 수 있습니다. 주변의 작은 친절이 큰 힘이 될 수 있습니다. 스스로를 다정하게 대하는 것이 가장 좋은 선택입니다.
rat,"쥐띠의 재빠른 기운이 오늘 조용히, 그러나 정확하게 작동합니다. 주변 사람과의 대화에서 예상 밖의 힌트를 얻을 수 있습니다. 오늘은 스스로에게 친절한 하루가 되길 바랍니다."
rat,오늘 쥐띠인 당신에게 흘러들어오는 정보를 그냥 지나치지 마세요. 주변의 작은 친절이 큰 힘이 될 수 있습니다. 잠시 쉬어가도 괜찮습니다.
rat,"오늘 쥐띠인 당신, 주변보다 한 발 먼저 기회를 포착할 수 있는 날입니다. 조금 느리게 가는 것이 오히려 현명할 수 있습니다. 지금의 선택이 나중에 좋은 기억이 될 수 있습니다."
rat,머리가 유독 잘 돌아가는 날이에요. 쥐띠 기운이 오늘 판단력을 높여줍니다. 조금 느리게 가는 것이 오히려 현명할 수 있습니다. 당신의 하루가 조금 더 따뜻해지길 바랍니다.
rat,오늘 쥐띠는 계산보다 직감이 먼저인 날입니다. 빠르게 움직여도 됩니다. 잠시 멈춰 자신을 돌아보는 시간이 도움이 됩니다. 당신의 속도를 믿어도 좋습니다.
rat,눈치가 평소보다 빨라지는 날이에요. 쥐띠인 당신에게 유리한 흐름입니다. 잠시 멈춰 자신을 돌아보는 시간이 도움이 됩니다. 스스로를 다정하게 대하는 것이 가장 좋은 선택입니다.
rat,오늘 작은 정보 하나가 쥐띠인 당신에게 큰 힌트가 될 수 있습니다. 지금의 경험이 곧 의미 있는 이야기로 바뀔 수 있습니다. 오늘은 작은 기쁨을 발견할 가능성이 있습니다.
rat,"쥐띠의 재빠른 기운이 오늘 조용히, 그러나 정확하게 작동합니다. 주변의 작은 친절이 큰 힘이 될 수 있습니다. 괜찮다는 마음 하나면 충분한 날입니다."
rat,오늘 쥐띠인 당신에게 흘러들어오는 정보를 그냥 지나치지 마세요. 주변의 작은 친절이 큰 힘이 될 수 있습니다. 오늘은 스스로에게 친절한 하루가 되길 바랍니다.
rat,"오늘 쥐띠인 당신, 주변보다 한 발 먼저 기회를 포착할 수 있는 날입니다. 작은 선택 하나가 긍정적인 흐름을 만들 수 있습니다. 오늘의 작은 미소가 내일의 힘이 될 수 있습니다."
rat,머리가 유독 잘 돌아가는 날이에요. 쥐띠 기운이 오늘 판단력을 높여줍니다. 조금 느리게 가는 것이 오히려 현명할 수 있습니다. 잠시 쉬어가도 괜찮습니다.
rat,오늘 쥐띠는 계산보다 직감이 먼저인 날입니다. 빠르게 움직여도 됩니다. 마음을 너무 다그치지 않는 것이 중요합니다. 당신의 속도를 믿어도 좋습니다.
rat,눈치가 평소보다 빨라지는 날이에요. 쥐띠인 당신에게 유리한 흐름입니다. 사소한 변화가 좋은 방향으로 이어질 수 있습니다. 오늘은 스스로에게 친절한 하루가 되길 바랍니다.
rat,오늘 작은 정보 하나가 쥐띠인 당신에게 큰 힌트가 될 수 있습니다. 지금의 경험이 곧 의미 있는 이야기로 바뀔 수 있습니다. 오늘은 스스로에게 친절한 하루가 되길 바랍니다.
rat,"쥐띠의 재빠른 기운이 오늘 조용히, 그러나 정확하게 작동합니다. 주변 사람과의 대화에서 예상 밖의 힌트를 얻을 수 있습니다. 오늘은 작은 기쁨을 발견할 가능성이 있습니다."
rat,오늘 쥐띠인 당신에게 흘러들어오는 정보를 그냥 지나치지 마세요. 잠시 멈춰 자신을 돌아보는 시간이 도움이 됩니다. 스스로를 다정하게 대하는 것이 가장 좋은 선택입니다.
rat,"오늘 쥐띠인 당신, 주변보다 한 발 먼저 기회를 포착할 수 있는 날입니다. 마음을 너무 다그치지 않는 것이 중요합니다. 지금의 당신도 충분히 잘하고 있습니다."
rat,머리가 유독 잘 돌아가는 날이에요. 쥐띠 기운이 오늘 판단력을 높여줍니다. 평소보다 여유 있는 태도가 좋은 결과로 이어질 수 있습니다. 당신의 하루가 조금 더 따뜻해지길 바랍니다.
rat,오늘 쥐띠는 계산보다 직감이 먼저인 날입니다. 빠르게 움직여도 됩니다. 작은 선택 하나가 긍정적인 흐름을 만들 수 있습니다. 오늘의 작은 미소가 내일의 힘이 될 수 있습니다.
rat,눈치가 평소보다 빨라지는 날이에요. 쥐띠인 당신에게 유리한 흐름입니다. 조금 느리게 가는 것이 오히려 현명할 수 있습니다. 오늘의 작은 미소가 내일의 힘이 될 수 있습니다.
rat,오늘 작은 정보 하나가 쥐띠인 당신에게 큰 힌트가 될 수 있습니다. 오늘은 듣는 자세가 큰 도움이 될 수 있습니다. 오늘의 작은 미소가 내일의 힘이 될 수 있습니다.
rat,"쥐띠의 재빠른 기운이 오늘 조용히, 그러나 정확하게 작동합니다. 마음을 너무 다그치지 않는 것이 중요합니다. 당신의 하루가 조금 더 따뜻해지길 바랍니다."
rat,오늘 쥐띠인 당신에게 흘러들어오는 정보를 그냥 지나치지 마세요. 평소보다 여유 있는 태도가 좋은 결과로 이어질 수 있습니다. 괜찮다는 마음 하나면 충분한 날입니다.
rat,"오늘 쥐띠인 당신, 주변보다 한 발 먼저 기회를 포착할 수 있는 날입니다. 평소보다 여유 있는 태도가 좋은 결과로 이어질 수 있습니다. 오늘은 작은 기쁨을 발견할 가능성이 있습니다."
rat,머리가 유독 잘 돌아가는 날이에요. 쥐띠 기운이 오늘 판단력을 높여줍니다. 지금의 경험이 곧 의미 있는 이야기로 바뀔 수 있습니다. 괜찮다는 마음 하나면 충분한 날입니다.
rat,오늘 쥐띠는 계산보다 직감이 먼저인 날입니다. 빠르게 움직여도 됩니다. 마음을 너무 다그치지 않는 것이 중요합니다. 스스로를 다정하게 대하는 것이 가장 좋은 선택입니다.
rat,눈치가 평소보다 빨라지는 날이에요. 쥐띠인 당신에게 유리한 흐름입니다. 평소보다 여유 있는 태도가 좋은 결과로 이어질 수 있습니다. 괜찮다는 마음 하나면 충분한 날입니다.
rat,오늘 작은 정보 하나가 쥐띠인 당신에게 큰 힌트가 될 수 있습니다. 지금의 경험이 곧 의미 있는 이야기로 바뀔 수 있습니다. 오늘은 스스로에게 친절한 하루가 되길 바랍니다.
rat,"쥐띠의 재빠른 기운이 오늘 조용히, 그러나 정확하게 작동합니다. 지금의 경험이 곧 의미 있는 이야기로 바뀔 수 있습니다. 괜찮다는 마음 하나면 충분한 날입니다."
rat,오늘 쥐띠인 당신에게 흘러들어오는 정보를 그냥 지나치지 마세요. 주변 사람과의 대화에서 예상 밖의 힌트를 얻을 수 있습니다. 당신의 속도를 믿어도 좋습니다.
rat,"오늘 쥐띠인 당신, 주변보다 한 발 먼저 기회를 포착할 수 있는 날입니다. 오늘은 듣는 자세가 큰 도움이 될 수 있습니다. 지금의 당신도 충분히 잘하고 있습니다."
rat,머리가 유독 잘 돌아가는 날이에요. 쥐띠 기운이 오늘 판단력을 높여줍니다. 마음을 너무 다그치지 않는 것이 중요합니다. 오늘은 작은 기쁨을 발견할 가능성이 있습니다.
rat,오늘 쥐띠는 계산보다 직감이 먼저인 날입니다. 빠르게 움직여도 됩니다. 작은 선택 하나가 긍정적인 흐름을 만들 수 있습니다. 스스로를 다정하게 대하는 것이 가장 좋은 선택입니다.
rat,눈치가 평소보다 빨라지는 날이에요. 쥐띠인 당신에게 유리한 흐름입니다. 평소보다 여유 있는 태도가 좋은 결과로 이어질 수 있습니다. 오늘은 스스로에게 친절한 하루가 되길 바랍니다.
rat,오늘 작은 정보 하나가 쥐띠인 당신에게 큰 힌트가 될 수 있습니다. 잠시 멈춰 자신을 돌아보는 시간이 도움이 됩니다. 오늘은 작은 기쁨을 발견할 가능성이 있습니다.
rat,"쥐띠의 재빠른 기운이 오늘 조용히, 그러나 정확하게 작동합니다. 사소한 변화가 좋은 방향으로 이어질 수 있습니다. 스스로를 다정하게 대하는 것이 가장 좋은 선택입니다."
rat,오늘 쥐띠인 당신에게 흘러들어오는 정보를 그냥 지나치지 마세요. 지금의 경험이 곧 의미 있는 이야기로 바뀔 수 있습니다. 오늘은 작은 기쁨을 발견할 가능성이 있습니다.
rat,"오늘 쥐띠인 당신, 주변보다 한 발 먼저 기회를 포착할 수 있는 날입니다. 지금의 경험이 곧 의미 있는 이야기로 바뀔 수 있습니다. 지금의 당신도 충분히 잘하고 있습니다."
rat,머리가 유독 잘 돌아가는 날이에요. 쥐띠 기운이 오늘 판단력을 높여줍니다. 마음을 너무 다그치지 않는 것이 중요합니다. 당신의 하루가 조금 더 따뜻해지길 바랍니다.
rat,오늘 쥐띠는 계산보다 직감이 먼저인 날입니다. 빠르게 움직여도 됩니다. 마음을 너무 다그치지 않는 것이 중요합니다. 오늘은 스스로에게 친절한 하루가 되길 바랍니다.
rat,눈치가 평소보다 빨라지는 날이에요. 쥐띠인 당신에게 유리한 흐름입니다. 주변의 작은 친절이 큰 힘이 될 수 있습니다. 오늘은 작은 기쁨을 발견할 가능성이 있습니다.
rat,오늘 작은 정보 하나가 쥐띠인 당신에게 큰 힌트가 될 수 있습니다. 마음을 너무 다그치지 않는 것이 중요합니다. 오늘은 작은 기쁨을 발견할 가능성이 있습니다.
rat,"쥐띠의 재빠른 기운이 오늘 조용히, 그러나 정확하게 작동합니다. 오늘은 듣는 자세가 큰 도움이 될 수 있습니다. 스스로를 다정하게 대하는 것이 가장 좋은 선택입니다."
rat,오늘 쥐띠인 당신에게 흘러들어오는 정보를 그냥 지나치지 마세요. 사소한 변화가 좋은 방향으로 이어질 수 있습니다. 당신의 하루가 조금 더 따뜻해지길 바랍니다.
rat,"오늘 쥐띠인 당신, 주변보다 한 발 먼저 기회를 포착할 수 있는 날입니다. 주변의 작은 친절이 큰 힘이 될 수 있습니다. 오늘의 작은 미소가 내일의 힘이 될 수 있습니다."
ox,"오늘 소띠인 당신, 서두르지 않아도 됩니다. 묵직한 기운이 뒤를 받쳐주고 있어요. 작은 선택 하나가 긍정적인 흐름을 만들 수 있습니다. 당신의 속도를 믿어도 좋습니다."
ox,말없이 해온 것들이 오늘 소띠인 당신에게 조금씩 결실로 돌아옵니다. 지금의 경험이 곧 의미 있는 이야기로 바뀔 수 있습니다. 괜찮다는 마음 하나면 충분한 날입니다.
ox,소띠의 인내가 오늘 빛을 발하는 날입니다. 느려도 방향이 맞으면 됩니다. 주변의 작은 친절이 큰 힘이 될 수 있습니다. 괜찮다는 마음 하나면 충분한 날입니다.
ox,오늘 소띠는 흔들리지 않는 것 자체가 강점인 날이에요. 오늘은 듣는 자세가 큰 도움이 될 수 있습니다. 잠시 쉬어가도 괜찮습니다.
ox,"변하기 싫은 마음, 오늘 소띠인 당신에게는 그게 오히려 맞을 수 있어요. 지금의 경험이 곧 의미 있는 이야기로 바뀔 수 있습니다. 오늘은 작은 기쁨을 발견할 가능성이 있습니다."
ox,소띠인 당신이 꾸준히 쌓아온 것들이 오늘 조용히 인정받기 시작합니다. 사소한 변화가 좋은 방향으로 이어질 수 있습니다. 잠시 쉬어가도 괜찮습니다.
ox,오늘 소띠에겐 한 발 느리게 가는 것이 가장 현명한 선택일 수 있습니다. 지금의 경험이 곧 의미 있는 이야기로 바뀔 수 있습니다. 당신의 속도를 믿어도 좋습니다.
ox,"오늘 소띠인 당신, 서두르지 않아도 됩니다. 묵직한 기운이 뒤를 받쳐주고 있어요. 평소보다 여유 있는 태도가 좋은 결과로 이어질 수 있습니다. 오늘은 작은 기쁨을 발견할 가능성이 있습니다."
ox,말없이 해온 것들이 오늘 소띠인 당신에게 조금씩 결실로 돌아옵니다. 사소한 변화가 좋은 방향으로 이어질 수 있습니다. 오늘은 스스로에게 친절한 하루가 되길 바랍니다.
ox,소띠의 인내가 오늘 빛을 발하는 날입니다. 느려도 방향이 맞으면 됩니다. 오늘은 듣는 자세가 큰 도움이 될 수 있습니다. 당신의 속도를 믿어도 좋습니다.
ox,오늘 소띠는 흔들리지 않는 것 자체가 강점인 날이에요. 작은 선택 하나가 긍정적인 흐름을 만들 수 있습니다. 지금의 당신도 충분히 잘하고 있습니다.
ox,"변하기 싫은 마음, 오늘 소띠인 당신에게는 그게 오히려 맞을 수 있어요. 오늘은 듣는 자세가 큰 도움이 될 수 있습니다. 당신의 하루가 조금 더 따뜻해지길 바랍니다."
ox,소띠인 당신이 꾸준히 쌓아온 것들이 오늘 조용히 인정받기 시작합니다. 주변 사람과의 대화에서 예상 밖의 힌트를 얻을 수 있습니다. 당신의 속도를 믿어도 좋습니다.
ox,오늘 소띠에겐 한 발 느리게 가는 것이 가장 현명한 선택일 수 있습니다. 오늘은 듣는 자세가 큰 도움이 될 수 있습니다. 지금의 선택이 나중에 좋은 기억이 될 수 있습니다.
ox,"오늘 소띠인 당신, 서두르지 않아도 됩니다. 묵직한 기운이 뒤를 받쳐주고 있어요. 마음을 너무 다그치지 않는 것이 중요합니다. 괜찮다는 마음 하나면 충분한 날입니다."
ox,말없이 해온 것들이 오늘 소띠인 당신에게 조금씩 결실로 돌아옵니다. 주변 사람과의 대화에서 예상 밖의 힌트를 얻을 수 있습니다. 오늘의 작은 미소가 내일의 힘이 될 수 있습니다.
ox,소띠의 인내가 오늘 빛을 발하는 날입니다. 느려도 방향이 맞으면 됩니다. 주변 사람과의 대화에서 예상 밖의 힌트를 얻을 수 있습니다. 당신의 속도를 믿어도 좋습니다.
ox,오늘 소띠는 흔들리지 않는 것 자체가 강점인 날이에요. 조금 느리게 가는 것이 오히려 현명할 수 있습니다. 당신의 속도를 믿어도 좋습니다.
ox,"변하기 싫은 마음, 오늘 소띠인 당신에게는 그게 오히려 맞을 수 있어요. 주변 사람과의 대화에서 예상 밖의 힌트를 얻을 수 있습니다. 지금의 선택이 나중에 좋은 기억이 될 수 있습니다."
ox,소띠인 당신이 꾸준히 쌓아온 것들이 오늘 조용히 인정받기 시작합니다. 주변 사람과의 대화에서 예상 밖의 힌트를 얻을 수 있습니다. 당신의 속도를 믿어도 좋습니다.
ox,오늘 소띠에겐 한 발 느리게 가는 것이 가장 현명한 선택일 수 있습니다. 지금의 경험이 곧 의미 있는 이야기로 바뀔 수 있습니다. 괜찮다는 마음 하나면 충분한 날입니다.
ox,"오늘 소띠인 당신, 서두르지 않아도 됩니다. 묵직한 기운이 뒤를 받쳐주고 있어요. 오늘은 듣는 자세가 큰 도움이 될 수 있습니다. 괜찮다는 마음 하나면 충분한 날입니다."
ox,말없이 해온 것들이 오늘 소띠인 당신에게 조금씩 결실로 돌아옵니다. 사소한 변화가 좋은 방향으로 이어질 수 있습니다. 괜찮다는 마음 하나면 충분한 날입니다.
ox,소띠의 인내가 오늘 빛을 발하는 날입니다. 느려도 방향이 맞으면 됩니다. 지금의 경험이 곧 의미 있는 이야기로 바뀔 수 있습니다. 당신의 하루가 조금 더 따뜻해지길 바랍니다.
ox,오늘 소띠는 흔들리지 않는 것 자체가 강점인 날이에요. 조금 느리게 가는 것이 오히려 현명할 수 있습니다. 지금의 선택이 나중에 좋은 기억이 될 수 있습니다.
ox,"변하기 싫은 마음, 오늘 소띠인 당신에게는 그게 오히려 맞을 수 있어요. 주변의 작은 친절이 큰 힘이 될 수 있습니다. 지금의 선택이 나중에 좋은 기억이 될 수 있습니다."
ox,소띠인 당신이 꾸준히 쌓아온 것들이 오늘 조용히 인정받기 시작합니다. 오늘은 듣는 자세가 큰 도움이 될 수 있습니다. 잠시 쉬어가도 괜찮습니다.
ox,오늘 소띠에겐 한 발 느리게 가는 것이 가장 현명한 선택일 수 있습니다. 작은 선택 하나가 긍정적인 흐름을 만들 수 있습니다. 당신의 하루가 조금 더 따뜻해지길 바랍니다.
ox,"오늘 소띠인 당신, 서두르지 않아도 됩니다. 묵직한 기운이 뒤를 받쳐주고 있어요. 작은 선택 하나가 긍정적인 흐름을 만들 수 있습니다. 지금의 선택이 나중에 좋은 기억이 될 수 있습니다."
ox,말없이 해온 것들이 오늘 소띠인 당신에게 조금씩 결실로 돌아옵니다. 조금 느리게 가는 것이 오히려 현명할 수 있습니다. 괜찮다는 마음 하나면 충분한 날입니다.
ox,소띠의 인내가 오늘 빛을 발하는 날입니다. 느려도 방향이 맞으면 됩니다. 평소보다 여유 있는 태도가 좋은 결과로 이어질 수 있습니다. 오늘은 작은 기쁨을 발견할 가능성이 있습니다.
ox,오늘 소띠는 흔들리지 않는 것 자체가 강점인 날이에요. 잠시 멈춰 자신을 돌아보는 시간이 도움이 됩니다. 괜찮다는 마음 하나면 충분한 날입니다.
ox,"변하기 싫은 마음, 오늘 소띠인 당신에게는 그게 오히려 맞을 수 있어요. 주변의 작은 친절이 큰 힘이 될 수 있습니다. 당신의 하루가 조금 더 따뜻해지길 바랍니다."
ox,소띠인 당신이 꾸준히 쌓아온 것들이 오늘 조용히 인정받기 시작합니다. 사소한 변화가 좋은 방향으로 이어질 수 있습니다. 잠시 쉬어가도 괜찮습니다.
ox,오늘 소띠에겐 한 발 느리게 가는 것이 가장 현명한 선택일 수 있습니다. 오늘은 듣는 자세가 큰 도움이 될 수 있습니다. 오늘의 작은 미소가 내일의 힘이 될 수 있습니다.
ox,"오늘 소띠인 당신, 서두르지 않아도 됩니다. 묵직한 기운이 뒤를 받쳐주고 있어요. 마음을 너무 다그치지 않는 것이 중요합니다. 잠시 쉬어가도 괜찮습니다."
ox,말없이 해온 것들이 오늘 소띠인 당신에게 조금씩 결실로 돌아옵니다. 조금 느리게 가는 것이 오히려 현명할 수 있습니다. 지금의 선택이 나중에 좋은 기억이 될 수 있습니다.
ox,소띠의 인내가 오늘 빛을 발하는 날입니다. 느려도 방향이 맞으면 됩니다. 마음을 너무 다그치지 않는 것이 중요합니다. 괜찮다는 마음 하나면 충분한 날입니다.
ox,오늘 소띠는 흔들리지 않는 것 자체가 강점인 날이에요. 지금의 경험이 곧 의미 있는 이야기로 바뀔 수 있습니다. 지금의 선택이 나중에 좋은 기억이 될 수 있습니다.
ox,"변하기 싫은 마음, 오늘 소띠인 당신에게는 그게 오히려 맞을 수 있어요. 오늘은 듣는 자세가 큰 도움이 될 수 있습니다. 지금의 선택이 나중에 좋은 기억이 될 수 있습니다."
ox,소띠인 당신이 꾸준히 쌓아온 것들이 오늘 조용히 인정받기 시작합니다. 오늘은 듣는 자세가 큰 도움이 될 수 있습니다. 지금의 선택이 나중에 좋은 기억이 될 수 있습니다.
ox,오늘 소띠에겐 한 발 느리게 가는 것이 가장 현명한 선택일 수 있습니다. 지금의 경험이 곧 의미 있는 이야기로 바뀔 수 있습니다. 오늘은 스스로에게 친절한 하루가 되길 바랍니다.
ox,"오늘 소띠인 당신, 서두르지 않아도 됩니다. 묵직한 기운이 뒤를 받쳐주고 있어요. 오늘은 듣는 자세가 큰 도움이 될 수 있습니다. 오늘은 작은 기쁨을 발견할 가능성이 있습니다."
ox,말없이 해온 것들이 오늘 소띠인 당신에게 조금씩 결실로 돌아옵니다. 사소한 변화가 좋은 방향으로 이어질 수 있습니다. 잠시 쉬어가도 괜찮습니다.
ox,소띠의 인내가 오늘 빛을 발하는 날입니다. 느려도 방향이 맞으면 됩니다. 조금 느리게 가는 것이 오히려 현명할 수 있습니다. 지금의 선택이 나중에 좋은 기억이 될 수 있습니다.
ox,오늘 소띠는 흔들리지 않는 것 자체가 강점인 날이에요. 주변 사람과의 대화에서 예상 밖의 힌트를 얻을 수 있습니다. 오늘은 스스로에게 친절한 하루가 되길 바랍니다.
ox,"변하기 싫은 마음, 오늘 소띠인 당신에게는 그게 오히려 맞을 수 있어요. 평소보다 여유 있는 태도가 좋은 결과로 이어질 수 있습니다. 괜찮다는 마음 하나면 충분한 날입니다."
ox,소띠인 당신이 꾸준히 쌓아온 것들이 오늘 조용히 인정받기 시작합니다. 잠시 멈춰 자신을 돌아보는 시간이 도움이 됩니다. 오늘의 작은 미소가 내일의 힘이 될 수 있습니다.
ox,오늘 소띠에겐 한 발 느리게 가는 것이 가장 현명한 선택일 수 있습니다. 주변의 작은 친절이 큰 힘이 될 수 있습니다. 당신의 속도를 믿어도 좋습니다.
ox,"오늘 소띠인 당신, 서두르지 않아도 됩니다. 묵직한 기운이 뒤를 받쳐주고 있어요. 작은 선택 하나가 긍정적인 흐름을 만들 수 있습니다. 오늘은 스스로에게 친절한 하루가 되길 바랍니다."
tiger,"오늘 호랑이띠인 당신, 에너지가 넘치는 날입니다. 방향만 잘 잡으면 됩니다. 조금 느리게 가는 것이 오히려 현명할 수 있습니다. 당신의 하루가 조금 더 따뜻해지길 바랍니다."
tiger,뭔가 치고 나가고 싶은 날이에요. 호랑이띠 기운이 오늘 특히 강합니다. 마음을 너무 다그치지 않는 것이 중요합니다. 잠시 쉬어가도 괜찮습니다.
tiger,오늘 호랑이띠는 결단이 빠른 날입니다. 10분만 생각하고 움직이세요. 사소한 변화가 좋은 방향으로 이어질 수 있습니다. 당신의 하루가 조금 더 따뜻해지길 바랍니다.
tiger,호랑이띠의 담대한 기운이 오늘 하루를 이끌어갑니다. 작은 선택 하나가 긍정적인 흐름을 만들 수 있습니다. 지금의 선택이 나중에 좋은 기억이 될 수 있습니다.
tiger,오늘 호랑이띠인 당신에게 도전하고 싶은 충동이 드는 건 자연스러운 신호예요. 사소한 변화가 좋은 방향으로 이어질 수 있습니다. 오늘의 작은 미소가 내일의 힘이 될 수 있습니다.
tiger,눈앞의 장애물이 오히려 오늘 호랑이띠인 당신을 더 강하게 만들어줄 수 있어요. 주변 사람과의 대화에서 예상 밖의 힌트를 얻을 수 있습니다. 오늘은 작은 기쁨을 발견할 가능성이 있습니다.
tiger,오늘 호랑이띠에겐 먼저 나서는 것이 기다리는 것보다 유리한 날입니다. 조금 느리게 가는 것이 오히려 현명할 수 있습니다. 오늘의 작은 미소가 내일의 힘이 될 수 있습니다.
tiger,"오늘 호랑이띠인 당신, 에너지가 넘치는 날입니다. 방향만 잘 잡으면 됩니다. 주변 사람과의 대화에서 예상 밖의 힌트를 얻을 수 있습니다. 오늘은 스스로에게 친절한 하루가 되길 바랍니다."
tiger,뭔가 치고 나가고 싶은 날이에요. 호랑이띠 기운이 오늘 특히 강합니다. 주변 사람과의 대화에서 예상 밖의 힌트를 얻을 수 있습니다. 당신의 하루가 조금 더 따뜻해지길 바랍니다.
tiger,오늘 호랑이띠는 결단이 빠른 날입니다. 10분만 생각하고 움직이세요. 마음을 너무 다그치지 않는 것이 중요합니다. 스스로를 다정하게 대하는 것이 가장 좋은 선택입니다.
tiger,호랑이띠의 담대한 기운이 오늘 하루를 이끌어갑니다. 잠시 멈춰 자신을 돌아보는 시간이 도움이 됩니다. 오늘의 작은 미소가 내일의 힘이 될 수 있습니다.
tiger,오늘 호랑이띠인 당신에게 도전하고 싶은 충동이 드는 건 자연스러운 신호예요. 지금의 경험이 곧 의미 있는 이야기로 바뀔 수 있습니다. 잠시 쉬어가도 괜찮습니다.
tiger,눈앞의 장애물이 오히려 오늘 호랑이띠인 당신을 더 강하게 만들어줄 수 있어요. 잠시 멈춰 자신을 돌아보는 시간이 도움이 됩니다. 당신의 속도를 믿어도 좋습니다.
tiger,오늘 호랑이띠에겐 먼저 나서는 것이 기다리는 것보다 유리한 날입니다. 조금 느리게 가는 것이 오히려 현명할 수 있습니다. 당신의 하루가 조금 더 따뜻해지길 바랍니다.
tiger,"오늘 호랑이띠인 당신, 에너지가 넘치는 날입니다. 방향만 잘 잡으면 됩니다. 평소보다 여유 있는 태도가 좋은 결과로 이어질 수 있습니다. 당신의 하루가 조금 더 따뜻해지길 바랍니다."
tiger,뭔가 치고 나가고 싶은 날이에요. 호랑이띠 기운이 오늘 특히 강합니다. 작은 선택 하나가 긍정적인 흐름을 만들 수 있습니다. 오늘은 작은 기쁨을 발견할 가능성이 있습니다.
tiger,오늘 호랑이띠는 결단이 빠른 날입니다. 10분만 생각하고 움직이세요. 오늘은 듣는 자세가 큰 도움이 될 수 있습니다. 오늘은 작은 기쁨을 발견할 가능성이 있습니다.
tiger,호랑이띠의 담대한 기운이 오늘 하루를 이끌어갑니다. 지금의 경험이 곧 의미 있는 이야기로 바뀔 수 있습니다. 오늘은 스스로에게 친절한 하루가 되길 바랍니다.
tiger,오늘 호랑이띠인 당신에게 도전하고 싶은 충동이 드는 건 자연스러운 신호예요. 주변의 작은 친절이 큰 힘이 될 수 있습니다. 당신의 속도를 믿어도 좋습니다.
tiger,눈앞의 장애물이 오히려 오늘 호랑이띠인 당신을 더 강하게 만들어줄 수 있어요. 주변 사람과의 대화에서 예상 밖의 힌트를 얻을 수 있습니다. 당신의 속도를 믿어도 좋습니다.
tiger,오늘 호랑이띠에겐 먼저 나서는 것이 기다리는 것보다 유리한 날입니다. 잠시 멈춰 자신을 돌아보는 시간이 도움이 됩니다. 괜찮다는 마음 하나면 충분한 날입니다.
tiger,"오늘 호랑이띠인 당신, 에너지가 넘치는 날입니다. 방향만 잘 잡으면 됩니다. 작은 선택 하나가 긍정적인 흐름을 만들 수 있습니다. 스스로를 다정하게 대하는 것이 가장 좋은 선택입니다."
tiger,뭔가 치고 나가고 싶은 날이에요. 호랑이띠 기운이 오늘 특히 강합니다. 사소한 변화가 좋은 방향으로 이어질 수 있습니다. 지금의 당신도 충분히 잘하고 있습니다.
tiger,오늘 호랑이띠는 결단이 빠른 날입니다. 10분만 생각하고 움직이세요. 잠시 멈춰 자신을 돌아보는 시간이 도움이 됩니다. 잠시 쉬어가도 괜찮습니다.
tiger,호랑이띠의 담대한 기운이 오늘 하루를 이끌어갑니다. 조금 느리게 가는 것이 오히려 현명할 수 있습니다. 지금의 당신도 충분히 잘하고 있습니다.
tiger,오늘 호랑이띠인 당신에게 도전하고 싶은 충동이 드는 건 자연스러운 신호예요. 지금의 경험이 곧 의미 있는 이야기로 바뀔 수 있습니다. 오늘은 작은 기쁨을 발견할 가능성이 있습니다.
tiger,눈앞의 장애물이 오히려 오늘 호랑이띠인 당신을 더 강하게 만들어줄 수 있어요. 오늘은 듣는 자세가 큰 도움이 될 수 있습니다. 당신의 속도를 믿어도 좋습니다.
tiger,오늘 호랑이띠에겐 먼저 나서는 것이 기다리는 것보다 유리한 날입니다. 주변 사람과의 대화에서 예상 밖의 힌트를 얻을 수 있습니다. 괜찮다는 마음 하나면 충분한 날입니다.
tiger,"오늘 호랑이띠인 당신, 에너지가 넘치는 날입니다. 방향만 잘 잡으면 됩니다. 사소한 변화가 좋은 방향으로 이어질 수 있습니다. 오늘은 스스로에게 친절한 하루가 되길 바랍니다."
tiger,뭔가 치고 나가고 싶은 날이에요. 호랑이띠 기운이 오늘 특히 강합니다. 마음을 너무 다그치지 않는 것이 중요합니다. 오늘은 스스로에게 친절한 하루가 되길 바랍니다.
tiger,오늘 호랑이띠는 결단이 빠른 날입니다. 10분만 생각하고 움직이세요. 조금 느리게 가는 것이 오히려 현명할 수 있습니다. 오늘은 스스로에게 친절한 하루가 되길 바랍니다.
tiger,호랑이띠의 담대한 기운이 오늘 하루를 이끌어갑니다. 사소한 변화가 좋은 방향으로 이어질 수 있습니다. 오늘은 스스로에게 친절한 하루가 되길 바랍니다.
tiger,오늘 호랑이띠인 당신에게 도전하고 싶은 충동이 드는 건 자연스러운 신호예요. 마음을 너무 다그치지 않는 것이 중요합니다. 잠시 쉬어가도 괜찮습니다.
tiger,눈앞의 장애물이 오히려 오늘 호랑이띠인 당신을 더 강하게 만들어줄 수 있어요. 오늘은 듣는 자세가 큰 도움이 될 수 있습니다. 스스로를 다정하게 대하는 것이 가장 좋은 선택입니다.
tiger,오늘 호랑이띠에겐 먼저 나서는 것이 기다리는 것보다 유리한 날입니다. 사소한 변화가 좋은 방향으로 이어질 수 있습니다. 오늘의 작은 미소가 내일의 힘이 될 수 있습니다.
tiger,"오늘 호랑이띠인 당신, 에너지가 넘치는 날입니다. 방향만 잘 잡으면 됩니다. 주변 사람과의 대화에서 예상 밖의 힌트를 얻을 수 있습니다. 당신의 하루가 조금 더 따뜻해지길 바랍니다."
tiger,뭔가 치고 나가고 싶은 날이에요. 호랑이띠 기운이 오늘 특히 강합니다. 지금의 경험이 곧 의미 있는 이야기로 바뀔 수 있습니다. 스스로를 다정하게 대하는 것이 가장 좋은 선택입니다.
tiger,오늘 호랑이띠는 결단이 빠른 날입니다. 10분만 생각하고 움직이세요. 작은 선택 하나가 긍정적인 흐름을 만들 수 있습니다. 오늘은 스스로에게 친절한 하루가 되길 바랍니다.
tiger,호랑이띠의 담대한 기운이 오늘 하루를 이끌어갑니다. 마음을 너무 다그치지 않는 것이 중요합니다. 오늘은 스스로에게 친절한 하루가 되길 바랍니다.
tiger,오늘 호랑이띠인 당신에게 도전하고 싶은 충동이 드는 건 자연스러운 신호예요. 마음을 너무 다그치지 않는 것이 중요합니다. 당신의 하루가 조금 더 따뜻해지길 바랍니다.
tiger,눈앞의 장애물이 오히려 오늘 호랑이띠인 당신을 더 강하게 만들어줄 수 있어요. 마음을 너무 다그치지 않는 것이 중요합니다. 지금의 당신도 충분히 잘하고 있습니다.
tiger,오늘 호랑이띠에겐 먼저 나서는 것이 기다리는 것보다 유리한 날입니다. 평소보다 여유 있는 태도가 좋은 결과로 이어질 수 있습니다. 지금의 당신도 충분히 잘하고 있습니다.
tiger,"오늘 호랑이띠인 당신, 에너지가 넘치는 날입니다. 방향만 잘 잡으면 됩니다. 주변의 작은 친절이 큰 힘이 될 수 있습니다. 당신의 속도를 믿어도 좋습니다."
tiger,뭔가 치고 나가고 싶은 날이에요. 호랑이띠 기운이 오늘 특히 강합니다. 평소보다 여유 있는 태도가 좋은 결과로 이어질 수 있습니다. 오늘은 스스로에게 친절한 하루가 되길 바랍니다.
tiger,오늘 호랑이띠는 결단이 빠른 날입니다. 10분만 생각하고 움직이세요. 오늘은 듣는 자세가 큰 도움이 될 수 있습니다. 괜찮다는 마음 하나면 충분한 날입니다.
tiger,호랑이띠의 담대한 기운이 오늘 하루를 이끌어갑니다. 사소한 변화가 좋은 방향으로 이어질 수 있습니다. 지금의 선택이 나중에 좋은 기억이 될 수 있습니다.
tiger,오늘 호랑이띠인 당신에게 도전하고 싶은 충동이 드는 건 자연스러운 신호예요. 주변 사람과의 대화에서 예상 밖의 힌트를 얻을 수 있습니다. 당신의 속도를 믿어도 좋습니다.
tiger,눈앞의 장애물이 오히려 오늘 호랑이띠인 당신을 더 강하게 만들어줄 수 있어요. 조금 느리게 가는 것이 오히려 현명할 수 있습니다. 오늘은 작은 기쁨을 발견할 가능성이 있습니다.
tiger,오늘 호랑이띠에겐 먼저 나서는 것이 기다리는 것보다 유리한 날입니다. 작은 선택 하나가 긍정적인 흐름을 만들 수 있습니다. 스스로를 다정하게 대하는 것이 가장 좋은 선택입니다.
tiger,"오늘 호랑이띠인 당신, 에너지가 넘치는 날입니다. 방향만 잘 잡으면 됩니다. 오늘은 듣는 자세가 큰 도움이 될 수 있습니다. 지금의 선택이 나중에 좋은 기억이 될 수 있습니다."
rabbit,"오늘 토끼띠인 당신, 주변 사람 챙기다 정작 자신을 놓치지 마세요. 주변의 작은 친절이 큰 힘이 될 수 있습니다. 오늘은 작은 기쁨을 발견할 가능성이 있습니다."
rabbit,부드럽게 흘러가는 날이에요. 토끼띠 기운이 오늘 관계를 편안하게 만들어줍니다. 주변의 작은 친절이 큰 힘이 될 수 있습니다. 잠시 쉬어가도 괜찮습니다.
rabbit,오늘 토끼띠는 억지로 뭔가 하려 하지 않아도 됩니다. 흐름을 타세요. 오늘은 듣는 자세가 큰 도움이 될 수 있습니다. 지금의 선택이 나중에 좋은 기억이 될 수 있습니다.
rabbit,토끼띠의 섬세한 감각이 오늘 유독 빛을 발합니다. 조금 느리게 가는 것이 오히려 현명할 수 있습니다. 지금의 선택이 나중에 좋은 기억이 될 수 있습니다.
rabbit,오늘 토끼띠인 당신에게 거절하기 어려운 부탁이 올 수 있어요. 미리 마음의 준비를. 주변 사람과의 대화에서 예상 밖의 힌트를 얻을 수 있습니다. 오늘은 작은 기쁨을 발견할 가능성이 있습니다.
rabbit,누군가의 말이 오늘 토끼띠인 당신 마음에 깊이 박힐 수 있어요. 의도를 먼저 확인하세요. 평소보다 여유 있는 태도가 좋은 결과로 이어질 수 있습니다. 지금의 당신도 충분히 잘하고 있습니다.
rabbit,오늘 토끼띠에겐 자신을 먼저 챙기는 것이 이기적인 게 아닙니다. 주변 사람과의 대화에서 예상 밖의 힌트를 얻을 수 있습니다. 스스로를 다정하게 대하는 것이 가장 좋은 선택입니다.
rabbit,"오늘 토끼띠인 당신, 주변 사람 챙기다 정작 자신을 놓치지 마세요. 잠시 멈춰 자신을 돌아보는 시간이 도움이 됩니다. 당신의 속도를 믿어도 좋습니다."
rabbit,부드럽게 흘러가는 날이에요. 토끼띠 기운이 오늘 관계를 편안하게 만들어줍니다. 조금 느리게 가는 것이 오히려 현명할 수 있습니다. 오늘은 작은 기쁨을 발견할 가능성이 있습니다.
rabbit,오늘 토끼띠는 억지로 뭔가 하려 하지 않아도 됩니다. 흐름을 타세요. 주변의 작은 친절이 큰 힘이 될 수 있습니다. 당신의 속도를 믿어도 좋습니다.
rabbit,토끼띠의 섬세한 감각이 오늘 유독 빛을 발합니다. 주변 사람과의 대화에서 예상 밖의 힌트를 얻을 수 있습니다. 잠시 쉬어가도 괜찮습니다.
rabbit,오늘 토끼띠인 당신에게 거절하기 어려운 부탁이 올 수 있어요. 미리 마음의 준비를. 잠시 멈춰 자신을 돌아보는 시간이 도움이 됩니다. 스스로를 다정하게 대하는 것이 가장 좋은 선택입니다.
rabbit,누군가의 말이 오늘 토끼띠인 당신 마음에 깊이 박힐 수 있어요. 의도를 먼저 확인하세요. 지금의 경험이 곧 의미 있는 이야기로 바뀔 수 있습니다. 괜찮다는 마음 하나면 충분한 날입니다.
rabbit,오늘 토끼띠에겐 자신을 먼저 챙기는 것이 이기적인 게 아닙니다. 사소한 변화가 좋은 방향으로 이어질 수 있습니다. 당신의 속도를 믿어도 좋습니다.
rabbit,"오늘 토끼띠인 당신, 주변 사람 챙기다 정작 자신을 놓치지 마세요. 잠시 멈춰 자신을 돌아보는 시간이 도움이 됩니다. 당신의 속도를 믿어도 좋습니다."
rabbit,부드럽게 흘러가는 날이에요. 토끼띠 기운이 오늘 관계를 편안하게 만들어줍니다. 지금의 경험이 곧 의미 있는 이야기로 바뀔 수 있습니다. 오늘은 스스로에게 친절한 하루가 되길 바랍니다.
rabbit,오늘 토끼띠는 억지로 뭔가 하려 하지 않아도 됩니다. 흐름을 타세요. 작은 선택 하나가 긍정적인 흐름을 만들 수 있습니다. 지금의 당신도 충분히 잘하고 있습니다.
rabbit,토끼띠의 섬세한 감각이 오늘 유독 빛을 발합니다. 주변 사람과의 대화에서 예상 밖의 힌트를 얻을 수 있습니다. 괜찮다는 마음 하나면 충분한 날입니다.
rabbit,오늘 토끼띠인 당신에게 거절하기 어려운 부탁이 올 수 있어요. 미리 마음의 준비를. 잠시 멈춰 자신을 돌아보는 시간이 도움이 됩니다. 잠시 쉬어가도 괜찮습니다.
rabbit,누군가의 말이 오늘 토끼띠인 당신 마음에 깊이 박힐 수 있어요. 의도를 먼저 확인하세요. 잠시 멈춰 자신을 돌아보는 시간이 도움이 됩니다. 스스로를 다정하게 대하는 것이 가장 좋은 선택입니다.
rabbit,오늘 토끼띠에겐 자신을 먼저 챙기는 것이 이기적인 게 아닙니다. 지금의 경험이 곧 의미 있는 이야기로 바뀔 수 있습니다. 잠시 쉬어가도 괜찮습니다.
rabbit,"오늘 토끼띠인 당신, 주변 사람 챙기다 정작 자신을 놓치지 마세요. 조금 느리게 가는 것이 오히려 현명할 수 있습니다. 오늘은 스스로에게 친절한 하루가 되길 바랍니다."
rabbit,부드럽게 흘러가는 날이에요. 토끼띠 기운이 오늘 관계를 편안하게 만들어줍니다. 잠시 멈춰 자신을 돌아보는 시간이 도움이 됩니다. 오늘은 작은 기쁨을 발견할 가능성이 있습니다.
rabbit,오늘 토끼띠는 억지로 뭔가 하려 하지 않아도 됩니다. 흐름을 타세요. 지금의 경험이 곧 의미 있는 이야기로 바뀔 수 있습니다. 당신의 속도를 믿어도 좋습니다.
rabbit,토끼띠의 섬세한 감각이 오늘 유독 빛을 발합니다. 사소한 변화가 좋은 방향으로 이어질 수 있습니다. 오늘은 스스로에게 친절한 하루가 되길 바랍니다.
rabbit,오늘 토끼띠인 당신에게 거절하기 어려운 부탁이 올 수 있어요. 미리 마음의 준비를. 주변의 작은 친절이 큰 힘이 될 수 있습니다. 오늘의 작은 미소가 내일의 힘이 될 수 있습니다.
rabbit,누군가의 말이 오늘 토끼띠인 당신 마음에 깊이 박힐 수 있어요. 의도를 먼저 확인하세요. 잠시 멈춰 자신을 돌아보는 시간이 도움이 됩니다. 지금의 당신도 충분히 잘하고 있습니다.
rabbit,오늘 토끼띠에겐 자신을 먼저 챙기는 것이 이기적인 게 아닙니다. 지금의 경험이 곧 의미 있는 이야기로 바뀔 수 있습니다. 당신의 하루가 조금 더 따뜻해지길 바랍니다.
rabbit,"오늘 토끼띠인 당신, 주변 사람 챙기다 정작 자신을 놓치지 마세요. 지금의 경험이 곧 의미 있는 이야기로 바뀔 수 있습니다. 스스로를 다정하게 대하는 것이 가장 좋은 선택입니다."
rabbit,부드럽게 흘러가는 날이에요. 토끼띠 기운이 오늘 관계를 편안하게 만들어줍니다. 주변 사람과의 대화에서 예상 밖의 힌트를 얻을 수 있습니다. 괜찮다는 마음 하나면 충분한 날입니다.
rabbit,오늘 토끼띠는 억지로 뭔가 하려 하지 않아도 됩니다. 흐름을 타세요. 오늘은 듣는 자세가 큰 도움이 될 수 있습니다. 당신의 속도를 믿어도 좋습니다.
rabbit,토끼띠의 섬세한 감각이 오늘 유독 빛을 발합니다. 작은 선택 하나가 긍정적인 흐름을 만들 수 있습니다. 지금의 선택이 나중에 좋은 기억이 될 수 있습니다.
rabbit,오늘 토끼띠인 당신에게 거절하기 어려운 부탁이 올 수 있어요. 미리 마음의 준비를. 사소한 변화가 좋은 방향으로 이어질 수 있습니다. 오늘은 작은 기쁨을 발견할 가능성이 있습니다.
rabbit,누군가의 말이 오늘 토끼띠인 당신 마음에 깊이 박힐 수 있어요. 의도를 먼저 확인하세요. 조금 느리게 가는 것이 오히려 현명할 수 있습니다. 괜찮다는 마음 하나면 충분한 날입니다.
rabbit,오늘 토끼띠에겐 자신을 먼저 챙기는 것이 이기적인 게 아닙니다. 마음을 너무 다그치지 않는 것이 중요합니다. 당신의 속도를 믿어도 좋습니다.
rabbit,"오늘 토끼띠인 당신, 주변 사람 챙기다 정작 자신을 놓치지 마세요. 작은 선택 하나가 긍정적인 흐름을 만들 수 있습니다. 오늘은 작은 기쁨을 발견할 가능성이 있습니다."
rabbit,부드럽게 흘러가는 날이에요. 토끼띠 기운이 오늘 관계를 편안하게 만들어줍니다. 주변의 작은 친절이 큰 힘이 될 수 있습니다. 오늘은 스스로에게 친절한 하루가 되길 바랍니다.
rabbit,오늘 토끼띠는 억지로 뭔가 하려 하지 않아도 됩니다. 흐름을 타세요. 작은 선택 하나가 긍정적인 흐름을 만들 수 있습니다. 당신의 속도를 믿어도 좋습니다.
rabbit,토끼띠의 섬세한 감각이 오늘 유독 빛을 발합니다. 오늘은 듣는 자세가 큰 도움이 될 수 있습니다. 괜찮다는 마음 하나면 충분한 날입니다.
rabbit,오늘 토끼띠인 당신에게 거절하기 어려운 부탁이 올 수 있어요. 미리 마음의 준비를. 작은 선택 하나가 긍정적인 흐름을 만들 수 있습니다. 스스로를 다정하게 대하는 것이 가장 좋은 선택입니다.
rabbit,누군가의 말이 오늘 토끼띠인 당신 마음에 깊이 박힐 수 있어요. 의도를 먼저 확인하세요. 작은 선택 하나가 긍정적인 흐름을 만들 수 있습니다. 지금의 선택이 나중에 좋은 기억이 될 수 있습니다.
rabbit,오늘 토끼띠에겐 자신을 먼저 챙기는 것이 이기적인 게 아닙니다. 작은 선택 하나가 긍정적인 흐름을 만들 수 있습니다. 당신의 하루가 조금 더 따뜻해지길 바랍니다.
rabbit,"오늘 토끼띠인 당신, 주변 사람 챙기다 정작 자신을 놓치지 마세요. 지금의 경험이 곧 의미 있는 이야기로 바뀔 수 있습니다. 스스로를 다정하게 대하는 것이 가장 좋은 선택입니다."
rabbit,부드럽게 흘러가는 날이에요. 토끼띠 기운이 오늘 관계를 편안하게 만들어줍니다. 잠시 멈춰 자신을 돌아보는 시간이 도움이 됩니다. 스스로를 다정하게 대하는 것이 가장 좋은 선택입니다.
rabbit,오늘 토끼띠는 억지로 뭔가 하려 하지 않아도 됩니다. 흐름을 타세요. 마음을 너무 다그치지 않는 것이 중요합니다. 당신의 속도를 믿어도 좋습니다.
rabbit,토끼띠의 섬세한 감각이 오늘 유독 빛을 발합니다. 마음을 너무 다그치지 않는 것이 중요합니다. 당신의 속도를 믿어도 좋습니다.
rabbit,오늘 토끼띠인 당신에게 거절하기 어려운 부탁이 올 수 있어요. 미리 마음의 준비를. 마음을 너무 다그치지 않는 것이 중요합니다. 잠시 쉬어가도 괜찮습니다.
rabbit,누군가의 말이 오늘 토끼띠인 당신 마음에 깊이 박힐 수 있어요. 의도를 먼저 확인하세요. 오늘은 듣는 자세가 큰 도움이 될 수 있습니다. 당신의 하루가 조금 더 따뜻해지길 바랍니다.
rabbit,오늘 토끼띠에겐 자신을 먼저 챙기는 것이 이기적인 게 아닙니다. 잠시 멈춰 자신을 돌아보는 시간이 도움이 됩니다. 당신의 속도를 믿어도 좋습니다.
rabbit,"오늘 토끼띠인 당신, 주변 사람 챙기다 정작 자신을 놓치지 마세요. 잠시 멈춰 자신을 돌아보는 시간이 도움이 됩니다. 지금의 선택이 나중에 좋은 기억이 될 수 있습니다."
dragon,"오늘 용띠인 당신, 크게 한 방 노리고 싶은 날인데 기초부터 확인하세요. 잠시 멈춰 자신을 돌아보는 시간이 도움이 됩니다. 오늘은 작은 기쁨을 발견할 가능성이 있습니다."
dragon,주목받고 싶은 에너지가 올라오는 날이에요. 용띠 기운이 오늘 자연스럽게 드러납니다. 평소보다 여유 있는 태도가 좋은 결과로 이어질 수 있습니다. 당신의 하루가 조금 더 따뜻해지길 바랍니다.
dragon,오늘 용띠는 혼자 다 하려 하지 마세요. 도움받는 것이 더 빠른 길입니다. 작은 선택 하나가 긍정적인 흐름을 만들 수 있습니다. 괜찮다는 마음 하나면 충분한 날입니다.
dragon,용띠의 카리스마가 오늘 자연스럽게 발산되는 날입니다. 조금 느리게 가는 것이 오히려 현명할 수 있습니다. 당신의 하루가 조금 더 따뜻해지길 바랍니다.
dragon,오늘 용띠인 당신에게 큰 그림이 선명하게 보이기 시작하는 날이 될 수 있어요. 마음을 너무 다그치지 않는 것이 중요합니다. 당신의 하루가 조금 더 따뜻해지길 바랍니다.
dragon,뭔가 이끌고 싶은 마음이 드는 날이에요. 용띠인 당신에게 지금이 타이밍입니다. 주변 사람과의 대화에서 예상 밖의 힌트를 얻을 수 있습니다. 당신의 하루가 조금 더 따뜻해지길 바랍니다.
dragon,오늘 용띠에겐 스케일 크게 생각하되 실행은 작게 시작하는 것이 맞습니다. 주변의 작은 친절이 큰 힘이 될 수 있습니다. 지금의 당신도 충분히 잘하고 있습니다.
dragon,"오늘 용띠인 당신, 크게 한 방 노리고 싶은 날인데 기초부터 확인하세요. 지금의 경험이 곧 의미 있는 이야기로 바뀔 수 있습니다. 오늘은 스스로에게 친절한 하루가 되길 바랍니다."
dragon,주목받고 싶은 에너지가 올라오는 날이에요. 용띠 기운이 오늘 자연스럽게 드러납니다. 마음을 너무 다그치지 않는 것이 중요합니다. 오늘의 작은 미소가 내일의 힘이 될 수 있습니다.
dragon,오늘 용띠는 혼자 다 하려 하지 마세요. 도움받는 것이 더 빠른 길입니다. 마음을 너무 다그치지 않는 것이 중요합니다. 당신의 속도를 믿어도 좋습니다.
dragon,용띠의 카리스마가 오늘 자연스럽게 발산되는 날입니다. 지금의 경험이 곧 의미 있는 이야기로 바뀔 수 있습니다. 당신의 속도를 믿어도 좋습니다.
dragon,오늘 용띠인 당신에게 큰 그림이 선명하게 보이기 시작하는 날이 될 수 있어요. 평소보다 여유 있는 태도가 좋은 결과로 이어질 수 있습니다. 괜찮다는 마음 하나면 충분한 날입니다.
dragon,뭔가 이끌고 싶은 마음이 드는 날이에요. 용띠인 당신에게 지금이 타이밍입니다. 마음을 너무 다그치지 않는 것이 중요합니다. 오늘의 작은 미소가 내일의 힘이 될 수 있습니다.
dragon,오늘 용띠에겐 스케일 크게 생각하되 실행은 작게 시작하는 것이 맞습니다. 평소보다 여유 있는 태도가 좋은 결과로 이어질 수 있습니다. 오늘은 스스로에게 친절한 하루가 되길 바랍니다.
dragon,"오늘 용띠인 당신, 크게 한 방 노리고 싶은 날인데 기초부터 확인하세요. 작은 선택 하나가 긍정적인 흐름을 만들 수 있습니다. 지금의 당신도 충분히 잘하고 있습니다."
dragon,주목받고 싶은 에너지가 올라오는 날이에요. 용띠 기운이 오늘 자연스럽게 드러납니다. 오늘은 듣는 자세가 큰 도움이 될 수 있습니다. 잠시 쉬어가도 괜찮습니다.
dragon,오늘 용띠는 혼자 다 하려 하지 마세요. 도움받는 것이 더 빠른 길입니다. 주변 사람과의 대화에서 예상 밖의 힌트를 얻을 수 있습니다. 지금의 선택이 나중에 좋은 기억이 될 수 있습니다.
dragon,용띠의 카리스마가 오늘 자연스럽게 발산되는 날입니다. 주변의 작은 친절이 큰 힘이 될 수 있습니다. 지금의 당신도 충분히 잘하고 있습니다.
dragon,오늘 용띠인 당신에게 큰 그림이 선명하게 보이기 시작하는 날이 될 수 있어요. 지금의 경험이 곧 의미 있는 이야기로 바뀔 수 있습니다. 괜찮다는 마음 하나면 충분한 날입니다.
dragon,뭔가 이끌고 싶은 마음이 드는 날이에요. 용띠인 당신에게 지금이 타이밍입니다. 작은 선택 하나가 긍정적인 흐름을 만들 수 있습니다. 지금의 당신도 충분히 잘하고 있습니다.
dragon,오늘 용띠에겐 스케일 크게 생각하되 실행은 작게 시작하는 것이 맞습니다. 오늘은 듣는 자세가 큰 도움이 될 수 있습니다. 오늘은 작은 기쁨을 발견할 가능성이 있습니다.
dragon,"오늘 용띠인 당신, 크게 한 방 노리고 싶은 날인데 기초부터 확인하세요. 지금의 경험이 곧 의미 있는 이야기로 바뀔 수 있습니다. 잠시 쉬어가도 괜찮습니다."
dragon,주목받고 싶은 에너지가 올라오는 날이에요. 용띠 기운이 오늘 자연스럽게 드러납니다. 잠시 멈춰 자신을 돌아보는 시간이 도움이 됩니다. 지금의 선택이 나중에 좋은 기억이 될 수 있습니다.
dragon,오늘 용띠는 혼자 다 하려 하지 마세요. 도움받는 것이 더 빠른 길입니다. 오늘은 듣는 자세가 큰 도움이 될 수 있습니다. 오늘의 작은 미소가 내일의 힘이 될 수 있습니다.
dragon,용띠의 카리스마가 오늘 자연스럽게 발산되는 날입니다. 평소보다 여유 있는 태도가 좋은 결과로 이어질 수 있습니다. 괜찮다는 마음 하나면 충분한 날입니다.
dragon,오늘 용띠인 당신에게 큰 그림이 선명하게 보이기 시작하는 날이 될 수 있어요. 작은 선택 하나가 긍정적인 흐름을 만들 수 있습니다. 당신의 하루가 조금 더 따뜻해지길 바랍니다.
dragon,뭔가 이끌고 싶은 마음이 드는 날이에요. 용띠인 당신에게 지금이 타이밍입니다. 주변 사람과의 대화에서 예상 밖의 힌트를 얻을 수 있습니다. 당신의 속도를 믿어도 좋습니다.
dragon,오늘 용띠에겐 스케일 크게 생각하되 실행은 작게 시작하는 것이 맞습니다. 주변 사람과의 대화에서 예상 밖의 힌트를 얻을 수 있습니다. 괜찮다는 마음 하나면 충분한 날입니다.
dragon,"오늘 용띠인 당신, 크게 한 방 노리고 싶은 날인데 기초부터 확인하세요. 주변의 작은 친절이 큰 힘이 될 수 있습니다. 당신의 속도를 믿어도 좋습니다."
dragon,주목받고 싶은 에너지가 올라오는 날이에요. 용띠 기운이 오늘 자연스럽게 드러납니다. 잠시 멈춰 자신을 돌아보는 시간이 도움이 됩니다. 지금의 당신도 충분히 잘하고 있습니다.
dragon,오늘 용띠는 혼자 다 하려 하지 마세요. 도움받는 것이 더 빠른 길입니다. 지금의 경험이 곧 의미 있는 이야기로 바뀔 수 있습니다. 오늘의 작은 미소가 내일의 힘이 될 수 있습니다.
dragon,용띠의 카리스마가 오늘 자연스럽게 발산되는 날입니다. 마음을 너무 다그치지 않는 것이 중요합니다. 스스로를 다정하게 대하는 것이 가장 좋은 선택입니다.
dragon,오늘 용띠인 당신에게 큰 그림이 선명하게 보이기 시작하는 날이 될 수 있어요. 조금 느리게 가는 것이 오히려 현명할 수 있습니다. 오늘은 스스로에게 친절한 하루가 되길 바랍니다.
dragon,뭔가 이끌고 싶은 마음이 드는 날이에요. 용띠인 당신에게 지금이 타이밍입니다. 오늘은 듣는 자세가 큰 도움이 될 수 있습니다. 오늘은 스스로에게 친절한 하루가 되길 바랍니다.
dragon,오늘 용띠에겐 스케일 크게 생각하되 실행은 작게 시작하는 것이 맞습니다. 조금 느리게 가는 것이 오히려 현명할 수 있습니다. 오늘은 작은 기쁨을 발견할 가능성이 있습니다.
dragon,"오늘 용띠인 당신, 크게 한 방 노리고 싶은 날인데 기초부터 확인하세요. 주변의 작은 친절이 큰 힘이 될 수 있습니다. 당신의 하루가 조금 더 따뜻해지길 바랍니다."
dragon,주목받고 싶은 에너지가 올라오는 날이에요. 용띠 기운이 오늘 자연스럽게 드러납니다. 잠시 멈춰 자신을 돌아보는 시간이 도움이 됩니다. 괜찮다는 마음 하나면 충분한 날입니다.
dragon,오늘 용띠는 혼자 다 하려 하지 마세요. 도움받는 것이 더 빠른 길입니다. 사소한 변화가 좋은 방향으로 이어질 수 있습니다. 괜찮다는 마음 하나면 충분한 날입니다.
dragon,용띠의 카리스마가 오늘 자연스럽게 발산되는 날입니다. 지금의 경험이 곧 의미 있는 이야기로 바뀔 수 있습니다. 괜찮다는 마음 하나면 충분한 날입니다.
dragon,오늘 용띠인 당신에게 큰 그림이 선명하게 보이기 시작하는 날이 될 수 있어요. 지금의 경험이 곧 의미 있는 이야기로 바뀔 수 있습니다. 잠시 쉬어가도 괜찮습니다.
dragon,뭔가 이끌고 싶은 마음이 드는 날이에요. 용띠인 당신에게 지금이 타이밍입니다. 사소한 변화가 좋은 방향으로 이어질 수 있습니다. 지금의 선택이 나중에 좋은 기억이 될 수 있습니다.
dragon,오늘 용띠에겐 스케일 크게 생각하되 실행은 작게 시작하는 것이 맞습니다. 잠시 멈춰 자신을 돌아보는 시간이 도움이 됩니다. 당신의 속도를 믿어도 좋습니다.
dragon,"오늘 용띠인 당신, 크게 한 방 노리고 싶은 날인데 기초부터 확인하세요. 주변의 작은 친절이 큰 힘이 될 수 있습니다. 오늘은 스스로에게 친절한 하루가 되길 바랍니다."
dragon,주목받고 싶은 에너지가 올라오는 날이에요. 용띠 기운이 오늘 자연스럽게 드러납니다. 지금의 경험이 곧 의미 있는 이야기로 바뀔 수 있습니다. 스스로를 다정하게 대하는 것이 가장 좋은 선택입니다.
dragon,오늘 용띠는 혼자 다 하려 하지 마세요. 도움받는 것이 더 빠른 길입니다. 주변 사람과의 대화에서 예상 밖의 힌트를 얻을 수 있습니다. 당신의 하루가 조금 더 따뜻해지길 바랍니다.
dragon,용띠의 카리스마가 오늘 자연스럽게 발산되는 날입니다. 마음을 너무 다그치지 않는 것이 중요합니다. 당신의 하루가 조금 더 따뜻해지길 바랍니다.
dragon,오늘 용띠인 당신에게 큰 그림이 선명하게 보이기 시작하는 날이 될 수 있어요. 사소한 변화가 좋은 방향으로 이어질 수 있습니다. 당신의 하루가 조금 더 따뜻해지길 바랍니다.
dragon,뭔가 이끌고 싶은 마음이 드는 날이에요. 용띠인 당신에게 지금이 타이밍입니다. 오늘은 듣는 자세가 큰 도움이 될 수 있습니다. 당신의 속도를 믿어도 좋습니다.
dragon,오늘 용띠에겐 스케일 크게 생각하되 실행은 작게 시작하는 것이 맞습니다. 평소보다 여유 있는 태도가 좋은 결과로 이어질 수 있습니다. 지금의 당신도 충분히 잘하고 있습니다.
dragon,"오늘 용띠인 당신, 크게 한 방 노리고 싶은 날인데 기초부터 확인하세요. 주변의 작은 친절이 큰 힘이 될 수 있습니다. 잠시 쉬어가도 괜찮습니다."
snake,"오늘 뱀띠인 당신, 뭔가 이상하다 싶으면 그 직감이 맞습니다. 사소한 변화가 좋은 방향으로 이어질 수 있습니다. 지금의 당신도 충분히 잘하고 있습니다."
snake,겉으로 드러나지 않는 것들이 오늘 뱀띠인 당신에게 보이기 시작해요. 작은 선택 하나가 긍정적인 흐름을 만들 수 있습니다. 당신의 하루가 조금 더 따뜻해지길 바랍니다.
snake,오늘 뱀띠는 말을 꺼내기 전에 한 번 더 생각하는 것만으로 많은 게 달라집니다. 평소보다 여유 있는 태도가 좋은 결과로 이어질 수 있습니다. 잠시 쉬어가도 괜찮습니다.
snake,뱀띠의 예리한 직관이 오늘 특히 선명하게 작동합니다. 지금의 경험이 곧 의미 있는 이야기로 바뀔 수 있습니다. 잠시 쉬어가도 괜찮습니다.
snake,"오늘 뱀띠인 당신, 설명 없이 행동하면 오해가 생길 수 있어요. 한마디 더 하세요. 마음을 너무 다그치지 않는 것이 중요합니다. 잠시 쉬어가도 괜찮습니다."
snake,표면 아래를 보는 능력이 오늘 뱀띠인 당신에게 가장 큰 무기가 됩니다. 주변 사람과의 대화에서 예상 밖의 힌트를 얻을 수 있습니다. 오늘은 작은 기쁨을 발견할 가능성이 있습니다.
snake,오늘 뱀띠에겐 조용히 관찰하는 것이 직접 나서는 것보다 유리한 날입니다. 잠시 멈춰 자신을 돌아보는 시간이 도움이 됩니다. 지금의 당신도 충분히 잘하고 있습니다.
snake,"오늘 뱀띠인 당신, 뭔가 이상하다 싶으면 그 직감이 맞습니다. 조금 느리게 가는 것이 오히려 현명할 수 있습니다. 당신의 하루가 조금 더 따뜻해지길 바랍니다."
snake,겉으로 드러나지 않는 것들이 오늘 뱀띠인 당신에게 보이기 시작해요. 잠시 멈춰 자신을 돌아보는 시간이 도움이 됩니다. 당신의 속도를 믿어도 좋습니다.
snake,오늘 뱀띠는 말을 꺼내기 전에 한 번 더 생각하는 것만으로 많은 게 달라집니다. 조금 느리게 가는 것이 오히려 현명할 수 있습니다. 오늘은 작은 기쁨을 발견할 가능성이 있습니다.
snake,뱀띠의 예리한 직관이 오늘 특히 선명하게 작동합니다. 오늘은 듣는 자세가 큰 도움이 될 수 있습니다. 스스로를 다정하게 대하는 것이 가장 좋은 선택입니다.
snake,"오늘 뱀띠인 당신, 설명 없이 행동하면 오해가 생길 수 있어요. 한마디 더 하세요. 사소한 변화가 좋은 방향으로 이어질 수 있습니다. 스스로를 다정하게 대하는 것이 가장 좋은 선택입니다."
snake,표면 아래를 보는 능력이 오늘 뱀띠인 당신에게 가장 큰 무기가 됩니다. 오늘은 듣는 자세가 큰 도움이 될 수 있습니다. 당신의 하루가 조금 더 따뜻해지길 바랍니다.
snake,오늘 뱀띠에겐 조용히 관찰하는 것이 직접 나서는 것보다 유리한 날입니다. 마음을 너무 다그치지 않는 것이 중요합니다. 지금의 선택이 나중에 좋은 기억이 될 수 있습니다.
snake,"오늘 뱀띠인 당신, 뭔가 이상하다 싶으면 그 직감이 맞습니다. 평소보다 여유 있는 태도가 좋은 결과로 이어질 수 있습니다. 오늘의 작은 미소가 내일의 힘이 될 수 있습니다."
snake,겉으로 드러나지 않는 것들이 오늘 뱀띠인 당신에게 보이기 시작해요. 작은 선택 하나가 긍정적인 흐름을 만들 수 있습니다. 지금의 선택이 나중에 좋은 기억이 될 수 있습니다.
snake,오늘 뱀띠는 말을 꺼내기 전에 한 번 더 생각하는 것만으로 많은 게 달라집니다. 마음을 너무 다그치지 않는 것이 중요합니다. 스스로를 다정하게 대하는 것이 가장 좋은 선택입니다.
snake,뱀띠의 예리한 직관이 오늘 특히 선명하게 작동합니다. 마음을 너무 다그치지 않는 것이 중요합니다. 지금의 당신도 충분히 잘하고 있습니다.
snake,"오늘 뱀띠인 당신, 설명 없이 행동하면 오해가 생길 수 있어요. 한마디 더 하세요. 주변 사람과의 대화에서 예상 밖의 힌트를 얻을 수 있습니다. 당신의 속도를 믿어도 좋습니다."
snake,표면 아래를 보는 능력이 오늘 뱀띠인 당신에게 가장 큰 무기가 됩니다. 주변 사람과의 대화에서 예상 밖의 힌트를 얻을 수 있습니다. 지금의 선택이 나중에 좋은 기억이 될 수 있습니다.
snake,오늘 뱀띠에겐 조용히 관찰하는 것이 직접 나서는 것보다 유리한 날입니다. 마음을 너무 다그치지 않는 것이 중요합니다. 오늘은 작은 기쁨을 발견할 가능성이 있습니다.
snake,"오늘 뱀띠인 당신, 뭔가 이상하다 싶으면 그 직감이 맞습니다. 지금의 경험이 곧 의미 있는 이야기로 바뀔 수 있습니다. 잠시 쉬어가도 괜찮습니다."
snake,겉으로 드러나지 않는 것들이 오늘 뱀띠인 당신에게 보이기 시작해요. 평소보다 여유 있는 태도가 좋은 결과로 이어질 수 있습니다. 스스로를 다정하게 대하는 것이 가장 좋은 선택입니다.
snake,오늘 뱀띠는 말을 꺼내기 전에 한 번 더 생각하는 것만으로 많은 게 달라집니다. 주변 사람과의 대화에서 예상 밖의 힌트를 얻을 수 있습니다. 오늘은 작은 기쁨을 발견할 가능성이 있습니다.
snake,뱀띠의 예리한 직관이 오늘 특히 선명하게 작동합니다. 잠시 멈춰 자신을 돌아보는 시간이 도움이 됩니다. 당신의 하루가 조금 더 따뜻해지길 바랍니다.
snake,"오늘 뱀띠인 당신, 설명 없이 행동하면 오해가 생길 수 있어요. 한마디 더 하세요. 마음을 너무 다그치지 않는 것이 중요합니다. 스스로를 다정하게 대하는 것이 가장 좋은 선택입니다."
snake,표면 아래를 보는 능력이 오늘 뱀띠인 당신에게 가장 큰 무기가 됩니다. 오늘은 듣는 자세가 큰 도움이 될 수 있습니다. 괜찮다는 마음 하나면 충분한 날입니다.
snake,오늘 뱀띠에겐 조용히 관찰하는 것이 직접 나서는 것보다 유리한 날입니다. 작은 선택 하나가 긍정적인 흐름을 만들 수 있습니다. 오늘은 작은 기쁨을 발견할 가능성이 있습니다.
snake,"오늘 뱀띠인 당신, 뭔가 이상하다 싶으면 그 직감이 맞습니다. 마음을 너무 다그치지 않는 것이 중요합니다. 오늘은 작은 기쁨을 발견할 가능성이 있습니다."
snake,겉으로 드러나지 않는 것들이 오늘 뱀띠인 당신에게 보이기 시작해요. 주변의 작은 친절이 큰 힘이 될 수 있습니다. 괜찮다는 마음 하나면 충분한 날입니다.
snake,오늘 뱀띠는 말을 꺼내기 전에 한 번 더 생각하는 것만으로 많은 게 달라집니다. 작은 선택 하나가 긍정적인 흐름을 만들 수 있습니다. 지금의 선택이 나중에 좋은 기억이 될 수 있습니다.
snake,뱀띠의 예리한 직관이 오늘 특히 선명하게 작동합니다. 주변의 작은 친절이 큰 힘이 될 수 있습니다. 오늘의 작은 미소가 내일의 힘이 될 수 있습니다.
snake,"오늘 뱀띠인 당신, 설명 없이 행동하면 오해가 생길 수 있어요. 한마디 더 하세요. 지금의 경험이 곧 의미 있는 이야기로 바뀔 수 있습니다. 오늘은 스스로에게 친절한 하루가 되길 바랍니다."
snake,표면 아래를 보는 능력이 오늘 뱀띠인 당신에게 가장 큰 무기가 됩니다. 평소보다 여유 있는 태도가 좋은 결과로 이어질 수 있습니다. 괜찮다는 마음 하나면 충분한 날입니다.
snake,오늘 뱀띠에겐 조용히 관찰하는 것이 직접 나서는 것보다 유리한 날입니다. 오늘은 듣는 자세가 큰 도움이 될 수 있습니다. 당신의 하루가 조금 더 따뜻해지길 바랍니다.
snake,"오늘 뱀띠인 당신, 뭔가 이상하다 싶으면 그 직감이 맞습니다. 오늘은 듣는 자세가 큰 도움이 될 수 있습니다. 당신의 속도를 믿어도 좋습니다."
snake,겉으로 드러나지 않는 것들이 오늘 뱀띠인 당신에게 보이기 시작해요. 마음을 너무 다그치지 않는 것이 중요합니다. 오늘은 스스로에게 친절한 하루가 되길 바랍니다.
snake,오늘 뱀띠는 말을 꺼내기 전에 한 번 더 생각하는 것만으로 많은 게 달라집니다. 평소보다 여유 있는 태도가 좋은 결과로 이어질 수 있습니다. 잠시 쉬어가도 괜찮습니다.
snake,뱀띠의 예리한 직관이 오늘 특히 선명하게 작동합니다. 주변의 작은 친절이 큰 힘이 될 수 있습니다. 당신의 속도를 믿어도 좋습니다.
snake,"오늘 뱀띠인 당신, 설명 없이 행동하면 오해가 생길 수 있어요. 한마디 더 하세요. 마음을 너무 다그치지 않는 것이 중요합니다. 괜찮다는 마음 하나면 충분한 날입니다."
snake,표면 아래를 보는 능력이 오늘 뱀띠인 당신에게 가장 큰 무기가 됩니다. 마음을 너무 다그치지 않는 것이 중요합니다. 잠시 쉬어가도 괜찮습니다.
snake,오늘 뱀띠에겐 조용히 관찰하는 것이 직접 나서는 것보다 유리한 날입니다. 사소한 변화가 좋은 방향으로 이어질 수 있습니다. 지금의 선택이 나중에 좋은 기억이 될 수 있습니다.
snake,"오늘 뱀띠인 당신, 뭔가 이상하다 싶으면 그 직감이 맞습니다. 평소보다 여유 있는 태도가 좋은 결과로 이어질 수 있습니다. 오늘의 작은 미소가 내일의 힘이 될 수 있습니다."
snake,겉으로 드러나지 않는 것들이 오늘 뱀띠인 당신에게 보이기 시작해요. 사소한 변화가 좋은 방향으로 이어질 수 있습니다. 지금의 당신도 충분히 잘하고 있습니다.
snake,오늘 뱀띠는 말을 꺼내기 전에 한 번 더 생각하는 것만으로 많은 게 달라집니다. 잠시 멈춰 자신을 돌아보는 시간이 도움이 됩니다. 괜찮다는 마음 하나면 충분한 날입니다.
snake,뱀띠의 예리한 직관이 오늘 특히 선명하게 작동합니다. 잠시 멈춰 자신을 돌아보는 시간이 도움이 됩니다. 당신의 하루가 조금 더 따뜻해지길 바랍니다.
snake,"오늘 뱀띠인 당신, 설명 없이 행동하면 오해가 생길 수 있어요. 한마디 더 하세요. 사소한 변화가 좋은 방향으로 이어질 수 있습니다. 지금의 당신도 충분히 잘하고 있습니다."
snake,표면 아래를 보는 능력이 오늘 뱀띠인 당신에게 가장 큰 무기가 됩니다. 마음을 너무 다그치지 않는 것이 중요합니다. 당신의 하루가 조금 더 따뜻해지길 바랍니다.
snake,오늘 뱀띠에겐 조용히 관찰하는 것이 직접 나서는 것보다 유리한 날입니다. 작은 선택 하나가 긍정적인 흐름을 만들 수 있습니다. 스스로를 다정하게 대하는 것이 가장 좋은 선택입니다.
snake,"오늘 뱀띠인 당신, 뭔가 이상하다 싶으면 그 직감이 맞습니다. 사소한 변화가 좋은 방향으로 이어질 수 있습니다. 오늘은 작은 기쁨을 발견할 가능성이 있습니다."
horse,"오늘 말띠인 당신, 가만히 있기 힘든 날이에요. 에너지 쓸 곳을 미리 정해두세요. 사소한 변화가 좋은 방향으로 이어질 수 있습니다. 괜찮다는 마음 하나면 충분한 날입니다."
horse,움직이고 싶은 충동이 강해지는 날입니다. 말띠 기운이 오늘 활발하게 흐릅니다. 평소보다 여유 있는 태도가 좋은 결과로 이어질 수 있습니다. 당신의 속도를 믿어도 좋습니다.
horse,오늘 말띠는 결정이 빠른 날이에요. 그만큼 한 번 더 확인하는 습관이 필요합니다. 조금 느리게 가는 것이 오히려 현명할 수 있습니다. 당신의 하루가 조금 더 따뜻해지길 바랍니다.
horse,말띠의 자유로운 기운이 오늘 새로운 방향을 열어줍니다. 작은 선택 하나가 긍정적인 흐름을 만들 수 있습니다. 스스로를 다정하게 대하는 것이 가장 좋은 선택입니다.
horse,오늘 말띠인 당신에게 뭔가 발목 잡히는 느낌이 든다면 그 이유부터 파악하세요. 오늘은 듣는 자세가 큰 도움이 될 수 있습니다. 잠시 쉬어가도 괜찮습니다.
horse,"직선적으로 말하고 싶은 날이에요. 말띠인 당신, 오늘 그래도 괜찮습니다. 주변 사람과의 대화에서 예상 밖의 힌트를 얻을 수 있습니다. 지금의 선택이 나중에 좋은 기억이 될 수 있습니다."
horse,오늘 말띠에겐 속도보다 방향이 더 중요한 날입니다. 평소보다 여유 있는 태도가 좋은 결과로 이어질 수 있습니다. 지금의 선택이 나중에 좋은 기억이 될 수 있습니다.
horse,"오늘 말띠인 당신, 가만히 있기 힘든 날이에요. 에너지 쓸 곳을 미리 정해두세요. 주변 사람과의 대화에서 예상 밖의 힌트를 얻을 수 있습니다. 당신의 속도를 믿어도 좋습니다."
horse,움직이고 싶은 충동이 강해지는 날입니다. 말띠 기운이 오늘 활발하게 흐릅니다. 평소보다 여유 있는 태도가 좋은 결과로 이어질 수 있습니다. 지금의 선택이 나중에 좋은 기억이 될 수 있습니다.
horse,오늘 말띠는 결정이 빠른 날이에요. 그만큼 한 번 더 확인하는 습관이 필요합니다. 평소보다 여유 있는 태도가 좋은 결과로 이어질 수 있습니다. 지금의 선택이 나중에 좋은 기억이 될 수 있습니다.
horse,말띠의 자유로운 기운이 오늘 새로운 방향을 열어줍니다. 주변의 작은 친절이 큰 힘이 될 수 있습니다. 오늘은 작은 기쁨을 발견할 가능성이 있습니다.
horse,오늘 말띠인 당신에게 뭔가 발목 잡히는 느낌이 든다면 그 이유부터 파악하세요. 조금 느리게 가는 것이 오히려 현명할 수 있습니다. 잠시 쉬어가도 괜찮습니다.
horse,"직선적으로 말하고 싶은 날이에요. 말띠인 당신, 오늘 그래도 괜찮습니다. 주변 사람과의 대화에서 예상 밖의 힌트를 얻을 수 있습니다. 지금의 선택이 나중에 좋은 기억이 될 수 있습니다."
horse,오늘 말띠에겐 속도보다 방향이 더 중요한 날입니다. 지금의 경험이 곧 의미 있는 이야기로 바뀔 수 있습니다. 당신의 하루가 조금 더 따뜻해지길 바랍니다.
horse,"오늘 말띠인 당신, 가만히 있기 힘든 날이에요. 에너지 쓸 곳을 미리 정해두세요. 마음을 너무 다그치지 않는 것이 중요합니다. 지금의 당신도 충분히 잘하고 있습니다."
horse,움직이고 싶은 충동이 강해지는 날입니다. 말띠 기운이 오늘 활발하게 흐릅니다. 작은 선택 하나가 긍정적인 흐름을 만들 수 있습니다. 괜찮다는 마음 하나면 충분한 날입니다.
horse,오늘 말띠는 결정이 빠른 날이에요. 그만큼 한 번 더 확인하는 습관이 필요합니다. 사소한 변화가 좋은 방향으로 이어질 수 있습니다. 당신의 속도를 믿어도 좋습니다.
horse,말띠의 자유로운 기운이 오늘 새로운 방향을 열어줍니다. 오늘은 듣는 자세가 큰 도움이 될 수 있습니다. 스스로를 다정하게 대하는 것이 가장 좋은 선택입니다.
horse,오늘 말띠인 당신에게 뭔가 발목 잡히는 느낌이 든다면 그 이유부터 파악하세요. 지금의 경험이 곧 의미 있는 이야기로 바뀔 수 있습니다. 스스로를 다정하게 대하는 것이 가장 좋은 선택입니다.
horse,"직선적으로 말하고 싶은 날이에요. 말띠인 당신, 오늘 그래도 괜찮습니다. 평소보다 여유 있는 태도가 좋은 결과로 이어질 수 있습니다. 지금의 당신도 충분히 잘하고 있습니다."
horse,오늘 말띠에겐 속도보다 방향이 더 중요한 날입니다. 주변의 작은 친절이 큰 힘이 될 수 있습니다. 오늘은 작은 기쁨을 발견할 가능성이 있습니다.
horse,"오늘 말띠인 당신, 가만히 있기 힘든 날이에요. 에너지 쓸 곳을 미리 정해두세요. 오늘은 듣는 자세가 큰 도움이 될 수 있습니다. 당신의 속도를 믿어도 좋습니다."
horse,움직이고 싶은 충동이 강해지는 날입니다. 말띠 기운이 오늘 활발하게 흐릅니다. 주변의 작은 친절이 큰 힘이 될 수 있습니다. 지금의 당신도 충분히 잘하고 있습니다.
horse,오늘 말띠는 결정이 빠른 날이에요. 그만큼 한 번 더 확인하는 습관이 필요합니다. 잠시 멈춰 자신을 돌아보는 시간이 도움이 됩니다. 당신의 속도를 믿어도 좋습니다.
horse,말띠의 자유로운 기운이 오늘 새로운 방향을 열어줍니다. 작은 선택 하나가 긍정적인 흐름을 만들 수 있습니다. 오늘은 스스로에게 친절한 하루가 되길 바랍니다.
horse,오늘 말띠인 당신에게 뭔가 발목 잡히는 느낌이 든다면 그 이유부터 파악하세요. 마음을 너무 다그치지 않는 것이 중요합니다. 당신의 하루가 조금 더 따뜻해지길 바랍니다.
horse,"직선적으로 말하고 싶은 날이에요. 말띠인 당신, 오늘 그래도 괜찮습니다. 사소한 변화가 좋은 방향으로 이어질 수 있습니다. 지금의 선택이 나중에 좋은 기억이 될 수 있습니다."
horse,오늘 말띠에겐 속도보다 방향이 더 중요한 날입니다. 조금 느리게 가는 것이 오히려 현명할 수 있습니다. 오늘은 작은 기쁨을 발견할 가능성이 있습니다.
horse,"오늘 말띠인 당신, 가만히 있기 힘든 날이에요. 에너지 쓸 곳을 미리 정해두세요. 조금 느리게 가는 것이 오히려 현명할 수 있습니다. 당신의 속도를 믿어도 좋습니다."
horse,움직이고 싶은 충동이 강해지는 날입니다. 말띠 기운이 오늘 활발하게 흐릅니다. 사소한 변화가 좋은 방향으로 이어질 수 있습니다. 오늘은 작은 기쁨을 발견할 가능성이 있습니다.
horse,오늘 말띠는 결정이 빠른 날이에요. 그만큼 한 번 더 확인하는 습관이 필요합니다. 평소보다 여유 있는 태도가 좋은 결과로 이어질 수 있습니다. 스스로를 다정하게 대하는 것이 가장 좋은 선택입니다.
horse,말띠의 자유로운 기운이 오늘 새로운 방향을 열어줍니다. 사소한 변화가 좋은 방향으로 이어질 수 있습니다. 오늘의 작은 미소가 내일의 힘이 될 수 있습니다.
horse,오늘 말띠인 당신에게 뭔가 발목 잡히는 느낌이 든다면 그 이유부터 파악하세요. 작은 선택 하나가 긍정적인 흐름을 만들 수 있습니다. 오늘은 작은 기쁨을 발견할 가능성이 있습니다.
horse,"직선적으로 말하고 싶은 날이에요. 말띠인 당신, 오늘 그래도 괜찮습니다. 지금의 경험이 곧 의미 있는 이야기로 바뀔 수 있습니다. 지금의 당신도 충분히 잘하고 있습니다."
horse,오늘 말띠에겐 속도보다 방향이 더 중요한 날입니다. 작은 선택 하나가 긍정적인 흐름을 만들 수 있습니다. 괜찮다는 마음 하나면 충분한 날입니다.
horse,"오늘 말띠인 당신, 가만히 있기 힘든 날이에요. 에너지 쓸 곳을 미리 정해두세요. 지금의 경험이 곧 의미 있는 이야기로 바뀔 수 있습니다. 괜찮다는 마음 하나면 충분한 날입니다."
horse,움직이고 싶은 충동이 강해지는 날입니다. 말띠 기운이 오늘 활발하게 흐릅니다. 지금의 경험이 곧 의미 있는 이야기로 바뀔 수 있습니다. 오늘은 스스로에게 친절한 하루가 되길 바랍니다.
horse,오늘 말띠는 결정이 빠른 날이에요. 그만큼 한 번 더 확인하는 습관이 필요합니다. 사소한 변화가 좋은 방향으로 이어질 수 있습니다. 오늘은 작은 기쁨을 발견할 가능성이 있습니다.
horse,말띠의 자유로운 기운이 오늘 새로운 방향을 열어줍니다. 주변의 작은 친절이 큰 힘이 될 수 있습니다. 지금의 선택이 나중에 좋은 기억이 될 수 있습니다.
horse,오늘 말띠인 당신에게 뭔가 발목 잡히는 느낌이 든다면 그 이유부터 파악하세요. 작은 선택 하나가 긍정적인 흐름을 만들 수 있습니다. 당신의 하루가 조금 더 따뜻해지길 바랍니다.
horse,"직선적으로 말하고 싶은 날이에요. 말띠인 당신, 오늘 그래도 괜찮습니다. 주변의 작은 친절이 큰 힘이 될 수 있습니다. 지금의 선택이 나중에 좋은 기억이 될 수 있습니다."
horse,오늘 말띠에겐 속도보다 방향이 더 중요한 날입니다. 평소보다 여유 있는 태도가 좋은 결과로 이어질 수 있습니다. 잠시 쉬어가도 괜찮습니다.
horse,"오늘 말띠인 당신, 가만히 있기 힘든 날이에요. 에너지 쓸 곳을 미리 정해두세요. 조금 느리게 가는 것이 오히려 현명할 수 있습니다. 오늘의 작은 미소가 내일의 힘이 될 수 있습니다."
horse,움직이고 싶은 충동이 강해지는 날입니다. 말띠 기운이 오늘 활발하게 흐릅니다. 주변 사람과의 대화에서 예상 밖의 힌트를 얻을 수 있습니다. 지금의 당신도 충분히 잘하고 있습니다.
horse,오늘 말띠는 결정이 빠른 날이에요. 그만큼 한 번 더 확인하는 습관이 필요합니다. 사소한 변화가 좋은 방향으로 이어질 수 있습니다. 스스로를 다정하게 대하는 것이 가장 좋은 선택입니다.
horse,말띠의 자유로운 기운이 오늘 새로운 방향을 열어줍니다. 주변 사람과의 대화에서 예상 밖의 힌트를 얻을 수 있습니다. 오늘은 스스로에게 친절한 하루가 되길 바랍니다.
horse,오늘 말띠인 당신에게 뭔가 발목 잡히는 느낌이 든다면 그 이유부터 파악하세요. 마음을 너무 다그치지 않는 것이 중요합니다. 스스로를 다정하게 대하는 것이 가장 좋은 선택입니다.
horse,"직선적으로 말하고 싶은 날이에요. 말띠인 당신, 오늘 그래도 괜찮습니다. 마음을 너무 다그치지 않는 것이 중요합니다. 당신의 하루가 조금 더 따뜻해지길 바랍니다."
horse,오늘 말띠에겐 속도보다 방향이 더 중요한 날입니다. 평소보다 여유 있는 태도가 좋은 결과로 이어질 수 있습니다. 지금의 선택이 나중에 좋은 기억이 될 수 있습니다.
horse,"오늘 말띠인 당신, 가만히 있기 힘든 날이에요. 에너지 쓸 곳을 미리 정해두세요. 마음을 너무 다그치지 않는 것이 중요합니다. 오늘의 작은 미소가 내일의 힘이 될 수 있습니다."
sheep,"오늘 양띠인 당신, 감성이 예민하게 열려 있는 날이에요. 좋은 신호입니다. 사소한 변화가 좋은 방향으로 이어질 수 있습니다. 당신의 속도를 믿어도 좋습니다."
sheep,주변 사람의 감정을 내 것처럼 느끼는 날이에요. 양띠 기운이 오늘 공감 쪽으로 흐릅니다. 사소한 변화가 좋은 방향으로 이어질 수 있습니다. 잠시 쉬어가도 괜찮습니다.
sheep,오늘 양띠는 No라고 말하기 어려운 날이에요. 미리 연습해두세요. 마음을 너무 다그치지 않는 것이 중요합니다. 오늘은 작은 기쁨을 발견할 가능성이 있습니다.
sheep,양띠의 따뜻한 에너지가 오늘 주변 사람들에게 조용히 전해집니다. 주변의 작은 친절이 큰 힘이 될 수 있습니다. 오늘은 스스로에게 친절한 하루가 되길 바랍니다.
sheep,"오늘 양띠인 당신, 혼자 있는 시간이 특히 필요한 날일 수 있어요. 조금 느리게 가는 것이 오히려 현명할 수 있습니다. 당신의 하루가 조금 더 따뜻해지길 바랍니다."
sheep,감성이 풍부해지는 날입니다. 양띠인 당신에게 오늘 예술적인 것들이 더 잘 보여요. 지금의 경험이 곧 의미 있는 이야기로 바뀔 수 있습니다. 당신의 하루가 조금 더 따뜻해지길 바랍니다.
sheep,오늘 양띠에겐 자신의 감정을 먼저 챙기는 것이 가장 중요합니다. 조금 느리게 가는 것이 오히려 현명할 수 있습니다. 괜찮다는 마음 하나면 충분한 날입니다.
sheep,"오늘 양띠인 당신, 감성이 예민하게 열려 있는 날이에요. 좋은 신호입니다. 주변의 작은 친절이 큰 힘이 될 수 있습니다. 스스로를 다정하게 대하는 것이 가장 좋은 선택입니다."
sheep,주변 사람의 감정을 내 것처럼 느끼는 날이에요. 양띠 기운이 오늘 공감 쪽으로 흐릅니다. 지금의 경험이 곧 의미 있는 이야기로 바뀔 수 있습니다. 잠시 쉬어가도 괜찮습니다.
sheep,오늘 양띠는 No라고 말하기 어려운 날이에요. 미리 연습해두세요. 지금의 경험이 곧 의미 있는 이야기로 바뀔 수 있습니다. 오늘은 작은 기쁨을 발견할 가능성이 있습니다.
sheep,양띠의 따뜻한 에너지가 오늘 주변 사람들에게 조용히 전해집니다. 지금의 경험이 곧 의미 있는 이야기로 바뀔 수 있습니다. 당신의 하루가 조금 더 따뜻해지길 바랍니다.
sheep,"오늘 양띠인 당신, 혼자 있는 시간이 특히 필요한 날일 수 있어요. 지금의 경험이 곧 의미 있는 이야기로 바뀔 수 있습니다. 잠시 쉬어가도 괜찮습니다."
sheep,감성이 풍부해지는 날입니다. 양띠인 당신에게 오늘 예술적인 것들이 더 잘 보여요. 주변의 작은 친절이 큰 힘이 될 수 있습니다. 당신의 속도를 믿어도 좋습니다.
sheep,오늘 양띠에겐 자신의 감정을 먼저 챙기는 것이 가장 중요합니다. 평소보다 여유 있는 태도가 좋은 결과로 이어질 수 있습니다. 오늘의 작은 미소가 내일의 힘이 될 수 있습니다.
sheep,"오늘 양띠인 당신, 감성이 예민하게 열려 있는 날이에요. 좋은 신호입니다. 작은 선택 하나가 긍정적인 흐름을 만들 수 있습니다. 지금의 당신도 충분히 잘하고 있습니다."
sheep,주변 사람의 감정을 내 것처럼 느끼는 날이에요. 양띠 기운이 오늘 공감 쪽으로 흐릅니다. 잠시 멈춰 자신을 돌아보는 시간이 도움이 됩니다. 스스로를 다정하게 대하는 것이 가장 좋은 선택입니다.
sheep,오늘 양띠는 No라고 말하기 어려운 날이에요. 미리 연습해두세요. 사소한 변화가 좋은 방향으로 이어질 수 있습니다. 괜찮다는 마음 하나면 충분한 날입니다.
sheep,양띠의 따뜻한 에너지가 오늘 주변 사람들에게 조용히 전해집니다. 마음을 너무 다그치지 않는 것이 중요합니다. 스스로를 다정하게 대하는 것이 가장 좋은 선택입니다.
sheep,"오늘 양띠인 당신, 혼자 있는 시간이 특히 필요한 날일 수 있어요. 마음을 너무 다그치지 않는 것이 중요합니다. 당신의 하루가 조금 더 따뜻해지길 바랍니다."
sheep,감성이 풍부해지는 날입니다. 양띠인 당신에게 오늘 예술적인 것들이 더 잘 보여요. 작은 선택 하나가 긍정적인 흐름을 만들 수 있습니다. 괜찮다는 마음 하나면 충분한 날입니다.
sheep,오늘 양띠에겐 자신의 감정을 먼저 챙기는 것이 가장 중요합니다. 사소한 변화가 좋은 방향으로 이어질 수 있습니다. 당신의 하루가 조금 더 따뜻해지길 바랍니다.
sheep,"오늘 양띠인 당신, 감성이 예민하게 열려 있는 날이에요. 좋은 신호입니다. 조금 느리게 가는 것이 오히려 현명할 수 있습니다. 지금의 선택이 나중에 좋은 기억이 될 수 있습니다."
sheep,주변 사람의 감정을 내 것처럼 느끼는 날이에요. 양띠 기운이 오늘 공감 쪽으로 흐릅니다. 작은 선택 하나가 긍정적인 흐름을 만들 수 있습니다. 당신의 속도를 믿어도 좋습니다.
sheep,오늘 양띠는 No라고 말하기 어려운 날이에요. 미리 연습해두세요. 조금 느리게 가는 것이 오히려 현명할 수 있습니다. 스스로를 다정하게 대하는 것이 가장 좋은 선택입니다.
sheep,양띠의 따뜻한 에너지가 오늘 주변 사람들에게 조용히 전해집니다. 지금의 경험이 곧 의미 있는 이야기로 바뀔 수 있습니다. 오늘은 스스로에게 친절한 하루가 되길 바랍니다.
sheep,"오늘 양띠인 당신, 혼자 있는 시간이 특히 필요한 날일 수 있어요. 주변 사람과의 대화에서 예상 밖의 힌트를 얻을 수 있습니다. 지금의 당신도 충분히 잘하고 있습니다."
sheep,감성이 풍부해지는 날입니다. 양띠인 당신에게 오늘 예술적인 것들이 더 잘 보여요. 오늘은 듣는 자세가 큰 도움이 될 수 있습니다. 오늘은 작은 기쁨을 발견할 가능성이 있습니다.
sheep,오늘 양띠에겐 자신의 감정을 먼저 챙기는 것이 가장 중요합니다. 사소한 변화가 좋은 방향으로 이어질 수 있습니다. 지금의 선택이 나중에 좋은 기억이 될 수 있습니다.
sheep,"오늘 양띠인 당신, 감성이 예민하게 열려 있는 날이에요. 좋은 신호입니다. 오늘은 듣는 자세가 큰 도움이 될 수 있습니다. 당신의 하루가 조금 더 따뜻해지길 바랍니다."
sheep,주변 사람의 감정을 내 것처럼 느끼는 날이에요. 양띠 기운이 오늘 공감 쪽으로 흐릅니다. 주변 사람과의 대화에서 예상 밖의 힌트를 얻을 수 있습니다. 당신의 하루가 조금 더 따뜻해지길 바랍니다.
sheep,오늘 양띠는 No라고 말하기 어려운 날이에요. 미리 연습해두세요. 마음을 너무 다그치지 않는 것이 중요합니다. 오늘은 작은 기쁨을 발견할 가능성이 있습니다.
sheep,양띠의 따뜻한 에너지가 오늘 주변 사람들에게 조용히 전해집니다. 조금 느리게 가는 것이 오히려 현명할 수 있습니다. 당신의 하루가 조금 더 따뜻해지길 바랍니다.
sheep,"오늘 양띠인 당신, 혼자 있는 시간이 특히 필요한 날일 수 있어요. 주변 사람과의 대화에서 예상 밖의 힌트를 얻을 수 있습니다. 지금의 선택이 나중에 좋은 기억이 될 수 있습니다."
sheep,감성이 풍부해지는 날입니다. 양띠인 당신에게 오늘 예술적인 것들이 더 잘 보여요. 마음을 너무 다그치지 않는 것이 중요합니다. 당신의 하루가 조금 더 따뜻해지길 바랍니다.
sheep,오늘 양띠에겐 자신의 감정을 먼저 챙기는 것이 가장 중요합니다. 작은 선택 하나가 긍정적인 흐름을 만들 수 있습니다. 당신의 속도를 믿어도 좋습니다.
sheep,"오늘 양띠인 당신, 감성이 예민하게 열려 있는 날이에요. 좋은 신호입니다. 오늘은 듣는 자세가 큰 도움이 될 수 있습니다. 스스로를 다정하게 대하는 것이 가장 좋은 선택입니다."
sheep,주변 사람의 감정을 내 것처럼 느끼는 날이에요. 양띠 기운이 오늘 공감 쪽으로 흐릅니다. 잠시 멈춰 자신을 돌아보는 시간이 도움이 됩니다. 지금의 선택이 나중에 좋은 기억이 될 수 있습니다.
sheep,오늘 양띠는 No라고 말하기 어려운 날이에요. 미리 연습해두세요. 지금의 경험이 곧 의미 있는 이야기로 바뀔 수 있습니다. 당신의 하루가 조금 더 따뜻해지길 바랍니다.
sheep,양띠의 따뜻한 에너지가 오늘 주변 사람들에게 조용히 전해집니다. 주변 사람과의 대화에서 예상 밖의 힌트를 얻을 수 있습니다. 오늘은 작은 기쁨을 발견할 가능성이 있습니다.
sheep,"오늘 양띠인 당신, 혼자 있는 시간이 특히 필요한 날일 수 있어요. 사소한 변화가 좋은 방향으로 이어질 수 있습니다. 스스로를 다정하게 대하는 것이 가장 좋은 선택입니다."
sheep,감성이 풍부해지는 날입니다. 양띠인 당신에게 오늘 예술적인 것들이 더 잘 보여요. 작은 선택 하나가 긍정적인 흐름을 만들 수 있습니다. 오늘의 작은 미소가 내일의 힘이 될 수 있습니다.
sheep,오늘 양띠에겐 자신의 감정을 먼저 챙기는 것이 가장 중요합니다. 평소보다 여유 있는 태도가 좋은 결과로 이어질 수 있습니다. 당신의 하루가 조금 더 따뜻해지길 바랍니다.
sheep,"오늘 양띠인 당신, 감성이 예민하게 열려 있는 날이에요. 좋은 신호입니다. 마음을 너무 다그치지 않는 것이 중요합니다. 오늘의 작은 미소가 내일의 힘이 될 수 있습니다."
sheep,주변 사람의 감정을 내 것처럼 느끼는 날이에요. 양띠 기운이 오늘 공감 쪽으로 흐릅니다. 주변 사람과의 대화에서 예상 밖의 힌트를 얻을 수 있습니다. 잠시 쉬어가도 괜찮습니다.
sheep,오늘 양띠는 No라고 말하기 어려운 날이에요. 미리 연습해두세요. 오늘은 듣는 자세가 큰 도움이 될 수 있습니다. 당신의 속도를 믿어도 좋습니다.
sheep,양띠의 따뜻한 에너지가 오늘 주변 사람들에게 조용히 전해집니다. 주변의 작은 친절이 큰 힘이 될 수 있습니다. 지금의 당신도 충분히 잘하고 있습니다.
sheep,"오늘 양띠인 당신, 혼자 있는 시간이 특히 필요한 날일 수 있어요. 주변의 작은 친절이 큰 힘이 될 수 있습니다. 오늘은 스스로에게 친절한 하루가 되길 바랍니다."
sheep,감성이 풍부해지는 날입니다. 양띠인 당신에게 오늘 예술적인 것들이 더 잘 보여요. 주변 사람과의 대화에서 예상 밖의 힌트를 얻을 수 있습니다. 오늘은 스스로에게 친절한 하루가 되길 바랍니다.
sheep,오늘 양띠에겐 자신의 감정을 먼저 챙기는 것이 가장 중요합니다. 주변 사람과의 대화에서 예상 밖의 힌트를 얻을 수 있습니다. 오늘의 작은 미소가 내일의 힘이 될 수 있습니다.
sheep,"오늘 양띠인 당신, 감성이 예민하게 열려 있는 날이에요. 좋은 신호입니다. 평소보다 여유 있는 태도가 좋은 결과로 이어질 수 있습니다. 잠시 쉬어가도 괜찮습니다."
monkey,"오늘 원숭이띠인 당신, 꾀를 너무 많이 쓰다가 오히려 꼬일 수 있어요. 단순하게 가세요. 주변 사람과의 대화에서 예상 밖의 힌트를 얻을 수 있습니다. 오늘의 작은 미소가 내일의 힘이 될 수 있습니다."
monkey,재치 있는 아이디어가 떠오르는 날이에요. 원숭이띠 기운이 오늘 창의성을 끌어올립니다. 주변의 작은 친절이 큰 힘이 될 수 있습니다. 오늘은 스스로에게 친절한 하루가 되길 바랍니다.
monkey,오늘 원숭이띠는 유연하게 상황을 바꾸는 능력이 빛을 발합니다. 마음을 너무 다그치지 않는 것이 중요합니다. 지금의 당신도 충분히 잘하고 있습니다.
monkey,원숭이띠의 적응력이 오늘 예상치 못한 상황에서 힘을 발휘합니다. 주변의 작은 친절이 큰 힘이 될 수 있습니다. 스스로를 다정하게 대하는 것이 가장 좋은 선택입니다.
monkey,"오늘 원숭이띠인 당신, 말이 잘 안 먹히는 상대가 있을 수 있어요. 방법을 바꿔보세요. 마음을 너무 다그치지 않는 것이 중요합니다. 오늘은 스스로에게 친절한 하루가 되길 바랍니다."
monkey,기발한 방법으로 문제를 푸는 날이에요. 원숭이띠인 당신에게 오늘 그 감각이 살아납니다. 잠시 멈춰 자신을 돌아보는 시간이 도움이 됩니다. 오늘의 작은 미소가 내일의 힘이 될 수 있습니다.
monkey,오늘 원숭이띠에겐 재미있게 접근하는 것이 진지하게 대하는 것보다 효과적입니다. 작은 선택 하나가 긍정적인 흐름을 만들 수 있습니다. 잠시 쉬어가도 괜찮습니다.
monkey,"오늘 원숭이띠인 당신, 꾀를 너무 많이 쓰다가 오히려 꼬일 수 있어요. 단순하게 가세요. 잠시 멈춰 자신을 돌아보는 시간이 도움이 됩니다. 오늘은 스스로에게 친절한 하루가 되길 바랍니다."
monkey,재치 있는 아이디어가 떠오르는 날이에요. 원숭이띠 기운이 오늘 창의성을 끌어올립니다. 주변의 작은 친절이 큰 힘이 될 수 있습니다. 잠시 쉬어가도 괜찮습니다.
monkey,오늘 원숭이띠는 유연하게 상황을 바꾸는 능력이 빛을 발합니다. 평소보다 여유 있는 태도가 좋은 결과로 이어질 수 있습니다. 스스로를 다정하게 대하는 것이 가장 좋은 선택입니다.
monkey,원숭이띠의 적응력이 오늘 예상치 못한 상황에서 힘을 발휘합니다. 잠시 멈춰 자신을 돌아보는 시간이 도움이 됩니다. 오늘의 작은 미소가 내일의 힘이 될 수 있습니다.
monkey,"오늘 원숭이띠인 당신, 말이 잘 안 먹히는 상대가 있을 수 있어요. 방법을 바꿔보세요. 사소한 변화가 좋은 방향으로 이어질 수 있습니다. 당신의 하루가 조금 더 따뜻해지길 바랍니다."
monkey,기발한 방법으로 문제를 푸는 날이에요. 원숭이띠인 당신에게 오늘 그 감각이 살아납니다. 오늘은 듣는 자세가 큰 도움이 될 수 있습니다. 오늘의 작은 미소가 내일의 힘이 될 수 있습니다.
monkey,오늘 원숭이띠에겐 재미있게 접근하는 것이 진지하게 대하는 것보다 효과적입니다. 마음을 너무 다그치지 않는 것이 중요합니다. 당신의 속도를 믿어도 좋습니다.
monkey,"오늘 원숭이띠인 당신, 꾀를 너무 많이 쓰다가 오히려 꼬일 수 있어요. 단순하게 가세요. 사소한 변화가 좋은 방향으로 이어질 수 있습니다. 오늘은 스스로에게 친절한 하루가 되길 바랍니다."
monkey,재치 있는 아이디어가 떠오르는 날이에요. 원숭이띠 기운이 오늘 창의성을 끌어올립니다. 작은 선택 하나가 긍정적인 흐름을 만들 수 있습니다. 지금의 당신도 충분히 잘하고 있습니다.
monkey,오늘 원숭이띠는 유연하게 상황을 바꾸는 능력이 빛을 발합니다. 사소한 변화가 좋은 방향으로 이어질 수 있습니다. 오늘의 작은 미소가 내일의 힘이 될 수 있습니다.
monkey,원숭이띠의 적응력이 오늘 예상치 못한 상황에서 힘을 발휘합니다. 평소보다 여유 있는 태도가 좋은 결과로 이어질 수 있습니다. 괜찮다는 마음 하나면 충분한 날입니다.
monkey,"오늘 원숭이띠인 당신, 말이 잘 안 먹히는 상대가 있을 수 있어요. 방법을 바꿔보세요. 잠시 멈춰 자신을 돌아보는 시간이 도움이 됩니다. 잠시 쉬어가도 괜찮습니다."
monkey,기발한 방법으로 문제를 푸는 날이에요. 원숭이띠인 당신에게 오늘 그 감각이 살아납니다. 사소한 변화가 좋은 방향으로 이어질 수 있습니다. 당신의 하루가 조금 더 따뜻해지길 바랍니다.
monkey,오늘 원숭이띠에겐 재미있게 접근하는 것이 진지하게 대하는 것보다 효과적입니다. 오늘은 듣는 자세가 큰 도움이 될 수 있습니다. 오늘은 스스로에게 친절한 하루가 되길 바랍니다.
monkey,"오늘 원숭이띠인 당신, 꾀를 너무 많이 쓰다가 오히려 꼬일 수 있어요. 단순하게 가세요. 마음을 너무 다그치지 않는 것이 중요합니다. 당신의 하루가 조금 더 따뜻해지길 바랍니다."
monkey,재치 있는 아이디어가 떠오르는 날이에요. 원숭이띠 기운이 오늘 창의성을 끌어올립니다. 조금 느리게 가는 것이 오히려 현명할 수 있습니다. 오늘은 작은 기쁨을 발견할 가능성이 있습니다.
monkey,오늘 원숭이띠는 유연하게 상황을 바꾸는 능력이 빛을 발합니다. 작은 선택 하나가 긍정적인 흐름을 만들 수 있습니다. 잠시 쉬어가도 괜찮습니다.
monkey,원숭이띠의 적응력이 오늘 예상치 못한 상황에서 힘을 발휘합니다. 작은 선택 하나가 긍정적인 흐름을 만들 수 있습니다. 오늘의 작은 미소가 내일의 힘이 될 수 있습니다.
monkey,"오늘 원숭이띠인 당신, 말이 잘 안 먹히는 상대가 있을 수 있어요. 방법을 바꿔보세요. 사소한 변화가 좋은 방향으로 이어질 수 있습니다. 지금의 선택이 나중에 좋은 기억이 될 수 있습니다."
monkey,기발한 방법으로 문제를 푸는 날이에요. 원숭이띠인 당신에게 오늘 그 감각이 살아납니다. 오늘은 듣는 자세가 큰 도움이 될 수 있습니다. 당신의 속도를 믿어도 좋습니다.
monkey,오늘 원숭이띠에겐 재미있게 접근하는 것이 진지하게 대하는 것보다 효과적입니다. 주변 사람과의 대화에서 예상 밖의 힌트를 얻을 수 있습니다. 오늘의 작은 미소가 내일의 힘이 될 수 있습니다.
monkey,"오늘 원숭이띠인 당신, 꾀를 너무 많이 쓰다가 오히려 꼬일 수 있어요. 단순하게 가세요. 조금 느리게 가는 것이 오히려 현명할 수 있습니다. 오늘은 작은 기쁨을 발견할 가능성이 있습니다."
monkey,재치 있는 아이디어가 떠오르는 날이에요. 원숭이띠 기운이 오늘 창의성을 끌어올립니다. 사소한 변화가 좋은 방향으로 이어질 수 있습니다. 당신의 하루가 조금 더 따뜻해지길 바랍니다.
monkey,오늘 원숭이띠는 유연하게 상황을 바꾸는 능력이 빛을 발합니다. 잠시 멈춰 자신을 돌아보는 시간이 도움이 됩니다. 지금의 당신도 충분히 잘하고 있습니다.
monkey,원숭이띠의 적응력이 오늘 예상치 못한 상황에서 힘을 발휘합니다. 조금 느리게 가는 것이 오히려 현명할 수 있습니다. 지금의 당신도 충분히 잘하고 있습니다.
monkey,"오늘 원숭이띠인 당신, 말이 잘 안 먹히는 상대가 있을 수 있어요. 방법을 바꿔보세요. 주변 사람과의 대화에서 예상 밖의 힌트를 얻을 수 있습니다. 지금의 선택이 나중에 좋은 기억이 될 수 있습니다."
monkey,기발한 방법으로 문제를 푸는 날이에요. 원숭이띠인 당신에게 오늘 그 감각이 살아납니다. 주변 사람과의 대화에서 예상 밖의 힌트를 얻을 수 있습니다. 오늘은 작은 기쁨을 발견할 가능성이 있습니다.
monkey,오늘 원숭이띠에겐 재미있게 접근하는 것이 진지하게 대하는 것보다 효과적입니다. 사소한 변화가 좋은 방향으로 이어질 수 있습니다. 괜찮다는 마음 하나면 충분한 날입니다.
monkey,"오늘 원숭이띠인 당신, 꾀를 너무 많이 쓰다가 오히려 꼬일 수 있어요. 단순하게 가세요. 작은 선택 하나가 긍정적인 흐름을 만들 수 있습니다. 당신의 하루가 조금 더 따뜻해지길 바랍니다."
monkey,재치 있는 아이디어가 떠오르는 날이에요. 원숭이띠 기운이 오늘 창의성을 끌어올립니다. 사소한 변화가 좋은 방향으로 이어질 수 있습니다. 당신의 속도를 믿어도 좋습니다.
monkey,오늘 원숭이띠는 유연하게 상황을 바꾸는 능력이 빛을 발합니다. 조금 느리게 가는 것이 오히려 현명할 수 있습니다. 오늘은 작은 기쁨을 발견할 가능성이 있습니다.
monkey,원숭이띠의 적응력이 오늘 예상치 못한 상황에서 힘을 발휘합니다. 작은 선택 하나가 긍정적인 흐름을 만들 수 있습니다. 지금의 당신도 충분히 잘하고 있습니다.
monkey,"오늘 원숭이띠인 당신, 말이 잘 안 먹히는 상대가 있을 수 있어요. 방법을 바꿔보세요. 마음을 너무 다그치지 않는 것이 중요합니다. 당신의 하루가 조금 더 따뜻해지길 바랍니다."
monkey,기발한 방법으로 문제를 푸는 날이에요. 원숭이띠인 당신에게 오늘 그 감각이 살아납니다. 사소한 변화가 좋은 방향으로 이어질 수 있습니다. 오늘의 작은 미소가 내일의 힘이 될 수 있습니다.
monkey,오늘 원숭이띠에겐 재미있게 접근하는 것이 진지하게 대하는 것보다 효과적입니다. 조금 느리게 가는 것이 오히려 현명할 수 있습니다. 오늘의 작은 미소가 내일의 힘이 될 수 있습니다.
monkey,"오늘 원숭이띠인 당신, 꾀를 너무 많이 쓰다가 오히려 꼬일 수 있어요. 단순하게 가세요. 사소한 변화가 좋은 방향으로 이어질 수 있습니다. 오늘은 작은 기쁨을 발견할 가능성이 있습니다."
monkey,재치 있는 아이디어가 떠오르는 날이에요. 원숭이띠 기운이 오늘 창의성을 끌어올립니다. 주변 사람과의 대화에서 예상 밖의 힌트를 얻을 수 있습니다. 오늘은 작은 기쁨을 발견할 가능성이 있습니다.
monkey,오늘 원숭이띠는 유연하게 상황을 바꾸는 능력이 빛을 발합니다. 마음을 너무 다그치지 않는 것이 중요합니다. 당신의 속도를 믿어도 좋습니다.
monkey,원숭이띠의 적응력이 오늘 예상치 못한 상황에서 힘을 발휘합니다. 마음을 너무 다그치지 않는 것이 중요합니다. 지금의 당신도 충분히 잘하고 있습니다.
monkey,"오늘 원숭이띠인 당신, 말이 잘 안 먹히는 상대가 있을 수 있어요. 방법을 바꿔보세요. 오늘은 듣는 자세가 큰 도움이 될 수 있습니다. 지금의 선택이 나중에 좋은 기억이 될 수 있습니다."
monkey,기발한 방법으로 문제를 푸는 날이에요. 원숭이띠인 당신에게 오늘 그 감각이 살아납니다. 주변의 작은 친절이 큰 힘이 될 수 있습니다. 스스로를 다정하게 대하는 것이 가장 좋은 선택입니다.
monkey,오늘 원숭이띠에겐 재미있게 접근하는 것이 진지하게 대하는 것보다 효과적입니다. 사소한 변화가 좋은 방향으로 이어질 수 있습니다. 스스로를 다정하게 대하는 것이 가장 좋은 선택입니다.
monkey,"오늘 원숭이띠인 당신, 꾀를 너무 많이 쓰다가 오히려 꼬일 수 있어요. 단순하게 가세요. 평소보다 여유 있는 태도가 좋은 결과로 이어질 수 있습니다. 당신의 속도를 믿어도 좋습니다."
rooster,"오늘 닭띠인 당신, 기준이 너무 높아서 내 것도 남 것도 마음에 안 드는 날일 수 있어요. 마음을 너무 다그치지 않는 것이 중요합니다. 오늘의 작은 미소가 내일의 힘이 될 수 있습니다."
rooster,부지런하게 움직이고 싶은 날이에요. 닭띠 기운이 오늘 실행력을 높여줍니다. 조금 느리게 가는 것이 오히려 현명할 수 있습니다. 오늘은 작은 기쁨을 발견할 가능성이 있습니다.
rooster,오늘 닭띠는 완벽하게 준비되지 않아도 시작할 수 있어요. 지금이 그 날입니다. 주변 사람과의 대화에서 예상 밖의 힌트를 얻을 수 있습니다. 스스로를 다정하게 대하는 것이 가장 좋은 선택입니다.
rooster,닭띠의 꼼꼼한 기운이 오늘 디테일에서 차이를 만들어냅니다. 잠시 멈춰 자신을 돌아보는 시간이 도움이 됩니다. 당신의 하루가 조금 더 따뜻해지길 바랍니다.
rooster,"오늘 닭띠인 당신, 솔직하게 말하고 싶은 충동이 강해지는 날이에요. 타이밍을 보세요. 잠시 멈춰 자신을 돌아보는 시간이 도움이 됩니다. 당신의 속도를 믿어도 좋습니다."
rooster,"스스로에게 엄격한 날이에요. 닭띠인 당신, 오늘 칭찬 한마디를 스스로에게 해주세요. 마음을 너무 다그치지 않는 것이 중요합니다. 괜찮다는 마음 하나면 충분한 날입니다."
rooster,오늘 닭띠에겐 80점짜리 완성이 100점짜리 미완성보다 낫습니다. 사소한 변화가 좋은 방향으로 이어질 수 있습니다. 괜찮다는 마음 하나면 충분한 날입니다.
rooster,"오늘 닭띠인 당신, 기준이 너무 높아서 내 것도 남 것도 마음에 안 드는 날일 수 있어요. 오늘은 듣는 자세가 큰 도움이 될 수 있습니다. 오늘은 스스로에게 친절한 하루가 되길 바랍니다."
rooster,부지런하게 움직이고 싶은 날이에요. 닭띠 기운이 오늘 실행력을 높여줍니다. 주변 사람과의 대화에서 예상 밖의 힌트를 얻을 수 있습니다. 지금의 선택이 나중에 좋은 기억이 될 수 있습니다.
rooster,오늘 닭띠는 완벽하게 준비되지 않아도 시작할 수 있어요. 지금이 그 날입니다. 조금 느리게 가는 것이 오히려 현명할 수 있습니다. 당신의 하루가 조금 더 따뜻해지길 바랍니다.
rooster,닭띠의 꼼꼼한 기운이 오늘 디테일에서 차이를 만들어냅니다. 잠시 멈춰 자신을 돌아보는 시간이 도움이 됩니다. 당신의 속도를 믿어도 좋습니다.
rooster,"오늘 닭띠인 당신, 솔직하게 말하고 싶은 충동이 강해지는 날이에요. 타이밍을 보세요. 사소한 변화가 좋은 방향으로 이어질 수 있습니다. 오늘은 작은 기쁨을 발견할 가능성이 있습니다."
rooster,"스스로에게 엄격한 날이에요. 닭띠인 당신, 오늘 칭찬 한마디를 스스로에게 해주세요. 작은 선택 하나가 긍정적인 흐름을 만들 수 있습니다. 스스로를 다정하게 대하는 것이 가장 좋은 선택입니다."
rooster,오늘 닭띠에겐 80점짜리 완성이 100점짜리 미완성보다 낫습니다. 사소한 변화가 좋은 방향으로 이어질 수 있습니다. 오늘은 작은 기쁨을 발견할 가능성이 있습니다.
rooster,"오늘 닭띠인 당신, 기준이 너무 높아서 내 것도 남 것도 마음에 안 드는 날일 수 있어요. 마음을 너무 다그치지 않는 것이 중요합니다. 잠시 쉬어가도 괜찮습니다."
rooster,부지런하게 움직이고 싶은 날이에요. 닭띠 기운이 오늘 실행력을 높여줍니다. 작은 선택 하나가 긍정적인 흐름을 만들 수 있습니다. 오늘은 작은 기쁨을 발견할 가능성이 있습니다.
rooster,오늘 닭띠는 완벽하게 준비되지 않아도 시작할 수 있어요. 지금이 그 날입니다. 지금의 경험이 곧 의미 있는 이야기로 바뀔 수 있습니다. 오늘의 작은 미소가 내일의 힘이 될 수 있습니다.
rooster,닭띠의 꼼꼼한 기운이 오늘 디테일에서 차이를 만들어냅니다. 주변 사람과의 대화에서 예상 밖의 힌트를 얻을 수 있습니다. 스스로를 다정하게 대하는 것이 가장 좋은 선택입니다.
rooster,"오늘 닭띠인 당신, 솔직하게 말하고 싶은 충동이 강해지는 날이에요. 타이밍을 보세요. 지금의 경험이 곧 의미 있는 이야기로 바뀔 수 있습니다. 당신의 속도를 믿어도 좋습니다."
rooster,"스스로에게 엄격한 날이에요. 닭띠인 당신, 오늘 칭찬 한마디를 스스로에게 해주세요. 평소보다 여유 있는 태도가 좋은 결과로 이어질 수 있습니다. 스스로를 다정하게 대하는 것이 가장 좋은 선택입니다."
rooster,오늘 닭띠에겐 80점짜리 완성이 100점짜리 미완성보다 낫습니다. 주변 사람과의 대화에서 예상 밖의 힌트를 얻을 수 있습니다. 오늘은 스스로에게 친절한 하루가 되길 바랍니다.
rooster,"오늘 닭띠인 당신, 기준이 너무 높아서 내 것도 남 것도 마음에 안 드는 날일 수 있어요. 조금 느리게 가는 것이 오히려 현명할 수 있습니다. 지금의 당신도 충분히 잘하고 있습니다."
rooster,부지런하게 움직이고 싶은 날이에요. 닭띠 기운이 오늘 실행력을 높여줍니다. 주변 사람과의 대화에서 예상 밖의 힌트를 얻을 수 있습니다. 괜찮다는 마음 하나면 충분한 날입니다.
rooster,오늘 닭띠는 완벽하게 준비되지 않아도 시작할 수 있어요. 지금이 그 날입니다. 작은 선택 하나가 긍정적인 흐름을 만들 수 있습니다. 잠시 쉬어가도 괜찮습니다.
rooster,닭띠의 꼼꼼한 기운이 오늘 디테일에서 차이를 만들어냅니다. 오늘은 듣는 자세가 큰 도움이 될 수 있습니다. 오늘은 작은 기쁨을 발견할 가능성이 있습니다.
rooster,"오늘 닭띠인 당신, 솔직하게 말하고 싶은 충동이 강해지는 날이에요. 타이밍을 보세요. 조금 느리게 가는 것이 오히려 현명할 수 있습니다. 오늘의 작은 미소가 내일의 힘이 될 수 있습니다."
rooster,"스스로에게 엄격한 날이에요. 닭띠인 당신, 오늘 칭찬 한마디를 스스로에게 해주세요. 마음을 너무 다그치지 않는 것이 중요합니다. 지금의 당신도 충분히 잘하고 있습니다."
rooster,오늘 닭띠에겐 80점짜리 완성이 100점짜리 미완성보다 낫습니다. 잠시 멈춰 자신을 돌아보는 시간이 도움이 됩니다. 당신의 속도를 믿어도 좋습니다.
rooster,"오늘 닭띠인 당신, 기준이 너무 높아서 내 것도 남 것도 마음에 안 드는 날일 수 있어요. 주변의 작은 친절이 큰 힘이 될 수 있습니다. 당신의 하루가 조금 더 따뜻해지길 바랍니다."
rooster,부지런하게 움직이고 싶은 날이에요. 닭띠 기운이 오늘 실행력을 높여줍니다. 마음을 너무 다그치지 않는 것이 중요합니다. 지금의 선택이 나중에 좋은 기억이 될 수 있습니다.
rooster,오늘 닭띠는 완벽하게 준비되지 않아도 시작할 수 있어요. 지금이 그 날입니다. 사소한 변화가 좋은 방향으로 이어질 수 있습니다. 오늘은 작은 기쁨을 발견할 가능성이 있습니다.
rooster,닭띠의 꼼꼼한 기운이 오늘 디테일에서 차이를 만들어냅니다. 주변 사람과의 대화에서 예상 밖의 힌트를 얻을 수 있습니다. 당신의 하루가 조금 더 따뜻해지길 바랍니다.
rooster,"오늘 닭띠인 당신, 솔직하게 말하고 싶은 충동이 강해지는 날이에요. 타이밍을 보세요. 조금 느리게 가는 것이 오히려 현명할 수 있습니다. 당신의 하루가 조금 더 따뜻해지길 바랍니다."
rooster,"스스로에게 엄격한 날이에요. 닭띠인 당신, 오늘 칭찬 한마디를 스스로에게 해주세요. 사소한 변화가 좋은 방향으로 이어질 수 있습니다. 잠시 쉬어가도 괜찮습니다."
rooster,오늘 닭띠에겐 80점짜리 완성이 100점짜리 미완성보다 낫습니다. 오늘은 듣는 자세가 큰 도움이 될 수 있습니다. 스스로를 다정하게 대하는 것이 가장 좋은 선택입니다.
rooster,"오늘 닭띠인 당신, 기준이 너무 높아서 내 것도 남 것도 마음에 안 드는 날일 수 있어요. 주변의 작은 친절이 큰 힘이 될 수 있습니다. 스스로를 다정하게 대하는 것이 가장 좋은 선택입니다."
rooster,부지런하게 움직이고 싶은 날이에요. 닭띠 기운이 오늘 실행력을 높여줍니다. 조금 느리게 가는 것이 오히려 현명할 수 있습니다. 오늘은 작은 기쁨을 발견할 가능성이 있습니다.
rooster,오늘 닭띠는 완벽하게 준비되지 않아도 시작할 수 있어요. 지금이 그 날입니다. 사소한 변화가 좋은 방향으로 이어질 수 있습니다. 스스로를 다정하게 대하는 것이 가장 좋은 선택입니다.
rooster,닭띠의 꼼꼼한 기운이 오늘 디테일에서 차이를 만들어냅니다. 잠시 멈춰 자신을 돌아보는 시간이 도움이 됩니다. 오늘은 작은 기쁨을 발견할 가능성이 있습니다.
rooster,"오늘 닭띠인 당신, 솔직하게 말하고 싶은 충동이 강해지는 날이에요. 타이밍을 보세요. 작은 선택 하나가 긍정적인 흐름을 만들 수 있습니다. 잠시 쉬어가도 괜찮습니다."
rooster,"스스로에게 엄격한 날이에요. 닭띠인 당신, 오늘 칭찬 한마디를 스스로에게 해주세요. 잠시 멈춰 자신을 돌아보는 시간이 도움이 됩니다. 지금의 당신도 충분히 잘하고 있습니다."
rooster,오늘 닭띠에겐 80점짜리 완성이 100점짜리 미완성보다 낫습니다. 지금의 경험이 곧 의미 있는 이야기로 바뀔 수 있습니다. 오늘은 작은 기쁨을 발견할 가능성이 있습니다.
rooster,"오늘 닭띠인 당신, 기준이 너무 높아서 내 것도 남 것도 마음에 안 드는 날일 수 있어요. 평소보다 여유 있는 태도가 좋은 결과로 이어질 수 있습니다. 지금의 당신도 충분히 잘하고 있습니다."
rooster,부지런하게 움직이고 싶은 날이에요. 닭띠 기운이 오늘 실행력을 높여줍니다. 오늘은 듣는 자세가 큰 도움이 될 수 있습니다. 당신의 속도를 믿어도 좋습니다.
rooster,오늘 닭띠는 완벽하게 준비되지 않아도 시작할 수 있어요. 지금이 그 날입니다. 잠시 멈춰 자신을 돌아보는 시간이 도움이 됩니다. 지금의 당신도 충분히 잘하고 있습니다.
rooster,닭띠의 꼼꼼한 기운이 오늘 디테일에서 차이를 만들어냅니다. 주변의 작은 친절이 큰 힘이 될 수 있습니다. 당신의 하루가 조금 더 따뜻해지길 바랍니다.
rooster,"오늘 닭띠인 당신, 솔직하게 말하고 싶은 충동이 강해지는 날이에요. 타이밍을 보세요. 평소보다 여유 있는 태도가 좋은 결과로 이어질 수 있습니다. 잠시 쉬어가도 괜찮습니다."
rooster,"스스로에게 엄격한 날이에요. 닭띠인 당신, 오늘 칭찬 한마디를 스스로에게 해주세요. 사소한 변화가 좋은 방향으로 이어질 수 있습니다. 잠시 쉬어가도 괜찮습니다."
rooster,오늘 닭띠에겐 80점짜리 완성이 100점짜리 미완성보다 낫습니다. 평소보다 여유 있는 태도가 좋은 결과로 이어질 수 있습니다. 당신의 하루가 조금 더 따뜻해지길 바랍니다.
rooster,"오늘 닭띠인 당신, 기준이 너무 높아서 내 것도 남 것도 마음에 안 드는 날일 수 있어요. 주변 사람과의 대화에서 예상 밖의 힌트를 얻을 수 있습니다. 당신의 하루가 조금 더 따뜻해지길 바랍니다."
dog,"오늘 개띠인 당신, 믿었던 사람이 약간 실망스러울 수 있어요. 기대치를 조금 내려두세요. 오늘은 듣는 자세가 큰 도움이 될 수 있습니다. 잠시 쉬어가도 괜찮습니다."
dog,의리 때문에 손해 보는 상황이 생겨도 개띠인 당신은 그걸 할 겁니다. 그게 당신입니다. 주변의 작은 친절이 큰 힘이 될 수 있습니다. 오늘은 스스로에게 친절한 하루가 되길 바랍니다.
dog,오늘 개띠는 솔직하게 말하는 것이 돌아가는 것보다 훨씬 낫습니다. 주변 사람과의 대화에서 예상 밖의 힌트를 얻을 수 있습니다. 당신의 속도를 믿어도 좋습니다.
dog,개띠의 충직한 기운이 오늘 신뢰를 쌓는 방향으로 흐릅니다. 평소보다 여유 있는 태도가 좋은 결과로 이어질 수 있습니다. 당신의 하루가 조금 더 따뜻해지길 바랍니다.
dog,"오늘 개띠인 당신, 의리와 손해 사이에서 고민이 생길 수 있어요. 작은 선택 하나가 긍정적인 흐름을 만들 수 있습니다. 당신의 속도를 믿어도 좋습니다."
dog,정직하게 대하고 싶은 마음이 드는 날이에요. 개띠인 당신에게 자연스러운 날입니다. 평소보다 여유 있는 태도가 좋은 결과로 이어질 수 있습니다. 오늘의 작은 미소가 내일의 힘이 될 수 있습니다.
dog,오늘 개띠에겐 충성스럽게 지켜온 관계가 든든한 힘이 됩니다. 잠시 멈춰 자신을 돌아보는 시간이 도움이 됩니다. 지금의 당신도 충분히 잘하고 있습니다.
dog,"오늘 개띠인 당신, 믿었던 사람이 약간 실망스러울 수 있어요. 기대치를 조금 내려두세요. 지금의 경험이 곧 의미 있는 이야기로 바뀔 수 있습니다. 잠시 쉬어가도 괜찮습니다."
dog,의리 때문에 손해 보는 상황이 생겨도 개띠인 당신은 그걸 할 겁니다. 그게 당신입니다. 작은 선택 하나가 긍정적인 흐름을 만들 수 있습니다. 스스로를 다정하게 대하는 것이 가장 좋은 선택입니다.
dog,오늘 개띠는 솔직하게 말하는 것이 돌아가는 것보다 훨씬 낫습니다. 주변의 작은 친절이 큰 힘이 될 수 있습니다. 지금의 선택이 나중에 좋은 기억이 될 수 있습니다.
dog,개띠의 충직한 기운이 오늘 신뢰를 쌓는 방향으로 흐릅니다. 잠시 멈춰 자신을 돌아보는 시간이 도움이 됩니다. 괜찮다는 마음 하나면 충분한 날입니다.
dog,"오늘 개띠인 당신, 의리와 손해 사이에서 고민이 생길 수 있어요. 지금의 경험이 곧 의미 있는 이야기로 바뀔 수 있습니다. 당신의 하루가 조금 더 따뜻해지길 바랍니다."
dog,정직하게 대하고 싶은 마음이 드는 날이에요. 개띠인 당신에게 자연스러운 날입니다. 마음을 너무 다그치지 않는 것이 중요합니다. 잠시 쉬어가도 괜찮습니다.
dog,오늘 개띠에겐 충성스럽게 지켜온 관계가 든든한 힘이 됩니다. 지금의 경험이 곧 의미 있는 이야기로 바뀔 수 있습니다. 잠시 쉬어가도 괜찮습니다.
dog,"오늘 개띠인 당신, 믿었던 사람이 약간 실망스러울 수 있어요. 기대치를 조금 내려두세요. 잠시 멈춰 자신을 돌아보는 시간이 도움이 됩니다. 지금의 선택이 나중에 좋은 기억이 될 수 있습니다."
dog,의리 때문에 손해 보는 상황이 생겨도 개띠인 당신은 그걸 할 겁니다. 그게 당신입니다. 지금의 경험이 곧 의미 있는 이야기로 바뀔 수 있습니다. 오늘은 작은 기쁨을 발견할 가능성이 있습니다.
dog,오늘 개띠는 솔직하게 말하는 것이 돌아가는 것보다 훨씬 낫습니다. 지금의 경험이 곧 의미 있는 이야기로 바뀔 수 있습니다. 당신의 속도를 믿어도 좋습니다.
dog,개띠의 충직한 기운이 오늘 신뢰를 쌓는 방향으로 흐릅니다. 마음을 너무 다그치지 않는 것이 중요합니다. 괜찮다는 마음 하나면 충분한 날입니다.
dog,"오늘 개띠인 당신, 의리와 손해 사이에서 고민이 생길 수 있어요. 작은 선택 하나가 긍정적인 흐름을 만들 수 있습니다. 당신의 속도를 믿어도 좋습니다."
dog,정직하게 대하고 싶은 마음이 드는 날이에요. 개띠인 당신에게 자연스러운 날입니다. 잠시 멈춰 자신을 돌아보는 시간이 도움이 됩니다. 오늘의 작은 미소가 내일의 힘이 될 수 있습니다.
dog,오늘 개띠에겐 충성스럽게 지켜온 관계가 든든한 힘이 됩니다. 주변의 작은 친절이 큰 힘이 될 수 있습니다. 잠시 쉬어가도 괜찮습니다.
dog,"오늘 개띠인 당신, 믿었던 사람이 약간 실망스러울 수 있어요. 기대치를 조금 내려두세요. 주변 사람과의 대화에서 예상 밖의 힌트를 얻을 수 있습니다. 오늘의 작은 미소가 내일의 힘이 될 수 있습니다."
dog,의리 때문에 손해 보는 상황이 생겨도 개띠인 당신은 그걸 할 겁니다. 그게 당신입니다. 지금의 경험이 곧 의미 있는 이야기로 바뀔 수 있습니다. 잠시 쉬어가도 괜찮습니다.
dog,오늘 개띠는 솔직하게 말하는 것이 돌아가는 것보다 훨씬 낫습니다. 작은 선택 하나가 긍정적인 흐름을 만들 수 있습니다. 괜찮다는 마음 하나면 충분한 날입니다.
dog,개띠의 충직한 기운이 오늘 신뢰를 쌓는 방향으로 흐릅니다. 지금의 경험이 곧 의미 있는 이야기로 바뀔 수 있습니다. 오늘의 작은 미소가 내일의 힘이 될 수 있습니다.
dog,"오늘 개띠인 당신, 의리와 손해 사이에서 고민이 생길 수 있어요. 사소한 변화가 좋은 방향으로 이어질 수 있습니다. 잠시 쉬어가도 괜찮습니다."
dog,정직하게 대하고 싶은 마음이 드는 날이에요. 개띠인 당신에게 자연스러운 날입니다. 주변의 작은 친절이 큰 힘이 될 수 있습니다. 오늘은 작은 기쁨을 발견할 가능성이 있습니다.
dog,오늘 개띠에겐 충성스럽게 지켜온 관계가 든든한 힘이 됩니다. 평소보다 여유 있는 태도가 좋은 결과로 이어질 수 있습니다. 오늘은 스스로에게 친절한 하루가 되길 바랍니다.
dog,"오늘 개띠인 당신, 믿었던 사람이 약간 실망스러울 수 있어요. 기대치를 조금 내려두세요. 작은 선택 하나가 긍정적인 흐름을 만들 수 있습니다. 지금의 선택이 나중에 좋은 기억이 될 수 있습니다."
dog,의리 때문에 손해 보는 상황이 생겨도 개띠인 당신은 그걸 할 겁니다. 그게 당신입니다. 조금 느리게 가는 것이 오히려 현명할 수 있습니다. 괜찮다는 마음 하나면 충분한 날입니다.
dog,오늘 개띠는 솔직하게 말하는 것이 돌아가는 것보다 훨씬 낫습니다. 조금 느리게 가는 것이 오히려 현명할 수 있습니다. 지금의 당신도 충분히 잘하고 있습니다.
dog,개띠의 충직한 기운이 오늘 신뢰를 쌓는 방향으로 흐릅니다. 평소보다 여유 있는 태도가 좋은 결과로 이어질 수 있습니다. 오늘의 작은 미소가 내일의 힘이 될 수 있습니다.
dog,"오늘 개띠인 당신, 의리와 손해 사이에서 고민이 생길 수 있어요. 평소보다 여유 있는 태도가 좋은 결과로 이어질 수 있습니다. 지금의 당신도 충분히 잘하고 있습니다."
dog,정직하게 대하고 싶은 마음이 드는 날이에요. 개띠인 당신에게 자연스러운 날입니다. 잠시 멈춰 자신을 돌아보는 시간이 도움이 됩니다. 당신의 하루가 조금 더 따뜻해지길 바랍니다.
dog,오늘 개띠에겐 충성스럽게 지켜온 관계가 든든한 힘이 됩니다. 잠시 멈춰 자신을 돌아보는 시간이 도움이 됩니다. 스스로를 다정하게 대하는 것이 가장 좋은 선택입니다.
dog,"오늘 개띠인 당신, 믿었던 사람이 약간 실망스러울 수 있어요. 기대치를 조금 내려두세요. 오늘은 듣는 자세가 큰 도움이 될 수 있습니다. 지금의 당신도 충분히 잘하고 있습니다."
dog,의리 때문에 손해 보는 상황이 생겨도 개띠인 당신은 그걸 할 겁니다. 그게 당신입니다. 지금의 경험이 곧 의미 있는 이야기로 바뀔 수 있습니다. 당신의 속도를 믿어도 좋습니다.
dog,오늘 개띠는 솔직하게 말하는 것이 돌아가는 것보다 훨씬 낫습니다. 주변 사람과의 대화에서 예상 밖의 힌트를 얻을 수 있습니다. 오늘은 작은 기쁨을 발견할 가능성이 있습니다.
dog,개띠의 충직한 기운이 오늘 신뢰를 쌓는 방향으로 흐릅니다. 사소한 변화가 좋은 방향으로 이어질 수 있습니다. 오늘의 작은 미소가 내일의 힘이 될 수 있습니다.
dog,"오늘 개띠인 당신, 의리와 손해 사이에서 고민이 생길 수 있어요. 주변 사람과의 대화에서 예상 밖의 힌트를 얻을 수 있습니다. 스스로를 다정하게 대하는 것이 가장 좋은 선택입니다."
dog,정직하게 대하고 싶은 마음이 드는 날이에요. 개띠인 당신에게 자연스러운 날입니다. 주변의 작은 친절이 큰 힘이 될 수 있습니다. 오늘은 작은 기쁨을 발견할 가능성이 있습니다.
dog,오늘 개띠에겐 충성스럽게 지켜온 관계가 든든한 힘이 됩니다. 작은 선택 하나가 긍정적인 흐름을 만들 수 있습니다. 오늘은 작은 기쁨을 발견할 가능성이 있습니다.
dog,"오늘 개띠인 당신, 믿었던 사람이 약간 실망스러울 수 있어요. 기대치를 조금 내려두세요. 주변 사람과의 대화에서 예상 밖의 힌트를 얻을 수 있습니다. 당신의 속도를 믿어도 좋습니다."
dog,의리 때문에 손해 보는 상황이 생겨도 개띠인 당신은 그걸 할 겁니다. 그게 당신입니다. 마음을 너무 다그치지 않는 것이 중요합니다. 오늘은 작은 기쁨을 발견할 가능성이 있습니다.
dog,오늘 개띠는 솔직하게 말하는 것이 돌아가는 것보다 훨씬 낫습니다. 마음을 너무 다그치지 않는 것이 중요합니다. 지금의 당신도 충분히 잘하고 있습니다.
dog,개띠의 충직한 기운이 오늘 신뢰를 쌓는 방향으로 흐릅니다. 작은 선택 하나가 긍정적인 흐름을 만들 수 있습니다. 지금의 당신도 충분히 잘하고 있습니다.
dog,"오늘 개띠인 당신, 의리와 손해 사이에서 고민이 생길 수 있어요. 오늘은 듣는 자세가 큰 도움이 될 수 있습니다. 잠시 쉬어가도 괜찮습니다."
dog,정직하게 대하고 싶은 마음이 드는 날이에요. 개띠인 당신에게 자연스러운 날입니다. 평소보다 여유 있는 태도가 좋은 결과로 이어질 수 있습니다. 지금의 선택이 나중에 좋은 기억이 될 수 있습니다.
dog,오늘 개띠에겐 충성스럽게 지켜온 관계가 든든한 힘이 됩니다. 평소보다 여유 있는 태도가 좋은 결과로 이어질 수 있습니다. 오늘의 작은 미소가 내일의 힘이 될 수 있습니다.
dog,"오늘 개띠인 당신, 믿었던 사람이 약간 실망스러울 수 있어요. 기대치를 조금 내려두세요. 작은 선택 하나가 긍정적인 흐름을 만들 수 있습니다. 지금의 선택이 나중에 좋은 기억이 될 수 있습니다."
pig,"오늘 돼지띠인 당신, 좋은 것들이 눈에 많이 들어오는 날이에요. 지갑은 조심하세요. 주변의 작은 친절이 큰 힘이 될 수 있습니다. 지금의 선택이 나중에 좋은 기억이 될 수 있습니다."
pig,사람들이 오늘 돼지띠인 당신 곁에 모이고 싶어하는 날입니다. 주변 사람과의 대화에서 예상 밖의 힌트를 얻을 수 있습니다. 잠시 쉬어가도 괜찮습니다.
pig,오늘 돼지띠는 넉넉한 기운이 흐르는 날이에요. 그 에너지를 나눠도 됩니다. 주변 사람과의 대화에서 예상 밖의 힌트를 얻을 수 있습니다. 당신의 속도를 믿어도 좋습니다.
pig,돼지띠의 낙관적인 기운이 오늘 주변 분위기를 밝게 만들어줍니다. 주변의 작은 친절이 큰 힘이 될 수 있습니다. 괜찮다는 마음 하나면 충분한 날입니다.
pig,오늘 돼지띠인 당신에게 뜻밖의 즐거운 일이 생길 수 있는 날이에요. 평소보다 여유 있는 태도가 좋은 결과로 이어질 수 있습니다. 오늘은 스스로에게 친절한 하루가 되길 바랍니다.
pig,"욕심이 생기는 날입니다. 돼지띠인 당신, 오늘 하나만 고르는 연습을 해보세요. 지금의 경험이 곧 의미 있는 이야기로 바뀔 수 있습니다. 스스로를 다정하게 대하는 것이 가장 좋은 선택입니다."
pig,오늘 돼지띠에겐 솔직하게 감정을 드러내는 것이 관계를 더 깊게 만들어줍니다. 사소한 변화가 좋은 방향으로 이어질 수 있습니다. 오늘은 작은 기쁨을 발견할 가능성이 있습니다.
pig,"오늘 돼지띠인 당신, 좋은 것들이 눈에 많이 들어오는 날이에요. 지갑은 조심하세요. 잠시 멈춰 자신을 돌아보는 시간이 도움이 됩니다. 괜찮다는 마음 하나면 충분한 날입니다."
pig,사람들이 오늘 돼지띠인 당신 곁에 모이고 싶어하는 날입니다. 마음을 너무 다그치지 않는 것이 중요합니다. 당신의 속도를 믿어도 좋습니다.
pig,오늘 돼지띠는 넉넉한 기운이 흐르는 날이에요. 그 에너지를 나눠도 됩니다. 조금 느리게 가는 것이 오히려 현명할 수 있습니다. 잠시 쉬어가도 괜찮습니다.
pig,돼지띠의 낙관적인 기운이 오늘 주변 분위기를 밝게 만들어줍니다. 작은 선택 하나가 긍정적인 흐름을 만들 수 있습니다. 스스로를 다정하게 대하는 것이 가장 좋은 선택입니다.
pig,오늘 돼지띠인 당신에게 뜻밖의 즐거운 일이 생길 수 있는 날이에요. 주변 사람과의 대화에서 예상 밖의 힌트를 얻을 수 있습니다. 지금의 당신도 충분히 잘하고 있습니다.
pig,"욕심이 생기는 날입니다. 돼지띠인 당신, 오늘 하나만 고르는 연습을 해보세요. 작은 선택 하나가 긍정적인 흐름을 만들 수 있습니다. 당신의 속도를 믿어도 좋습니다."
pig,오늘 돼지띠에겐 솔직하게 감정을 드러내는 것이 관계를 더 깊게 만들어줍니다. 마음을 너무 다그치지 않는 것이 중요합니다. 지금의 선택이 나중에 좋은 기억이 될 수 있습니다.
pig,"오늘 돼지띠인 당신, 좋은 것들이 눈에 많이 들어오는 날이에요. 지갑은 조심하세요. 마음을 너무 다그치지 않는 것이 중요합니다. 오늘은 작은 기쁨을 발견할 가능성이 있습니다."
pig,사람들이 오늘 돼지띠인 당신 곁에 모이고 싶어하는 날입니다. 마음을 너무 다그치지 않는 것이 중요합니다. 잠시 쉬어가도 괜찮습니다.
pig,오늘 돼지띠는 넉넉한 기운이 흐르는 날이에요. 그 에너지를 나눠도 됩니다. 오늘은 듣는 자세가 큰 도움이 될 수 있습니다. 괜찮다는 마음 하나면 충분한 날입니다.
pig,돼지띠의 낙관적인 기운이 오늘 주변 분위기를 밝게 만들어줍니다. 작은 선택 하나가 긍정적인 흐름을 만들 수 있습니다. 오늘의 작은 미소가 내일의 힘이 될 수 있습니다.
pig,오늘 돼지띠인 당신에게 뜻밖의 즐거운 일이 생길 수 있는 날이에요. 잠시 멈춰 자신을 돌아보는 시간이 도움이 됩니다. 오늘의 작은 미소가 내일의 힘이 될 수 있습니다.
pig,"욕심이 생기는 날입니다. 돼지띠인 당신, 오늘 하나만 고르는 연습을 해보세요. 조금 느리게 가는 것이 오히려 현명할 수 있습니다. 스스로를 다정하게 대하는 것이 가장 좋은 선택입니다."
pig,오늘 돼지띠에겐 솔직하게 감정을 드러내는 것이 관계를 더 깊게 만들어줍니다. 평소보다 여유 있는 태도가 좋은 결과로 이어질 수 있습니다. 오늘은 스스로에게 친절한 하루가 되길 바랍니다.
pig,"오늘 돼지띠인 당신, 좋은 것들이 눈에 많이 들어오는 날이에요. 지갑은 조심하세요. 잠시 멈춰 자신을 돌아보는 시간이 도움이 됩니다. 당신의 하루가 조금 더 따뜻해지길 바랍니다."
pig,사람들이 오늘 돼지띠인 당신 곁에 모이고 싶어하는 날입니다. 주변 사람과의 대화에서 예상 밖의 힌트를 얻을 수 있습니다. 오늘은 작은 기쁨을 발견할 가능성이 있습니다.
pig,오늘 돼지띠는 넉넉한 기운이 흐르는 날이에요. 그 에너지를 나눠도 됩니다. 조금 느리게 가는 것이 오히려 현명할 수 있습니다. 오늘은 스스로에게 친절한 하루가 되길 바랍니다.
pig,돼지띠의 낙관적인 기운이 오늘 주변 분위기를 밝게 만들어줍니다. 주변의 작은 친절이 큰 힘이 될 수 있습니다. 스스로를 다정하게 대하는 것이 가장 좋은 선택입니다.
pig,오늘 돼지띠인 당신에게 뜻밖의 즐거운 일이 생길 수 있는 날이에요. 마음을 너무 다그치지 않는 것이 중요합니다. 지금의 선택이 나중에 좋은 기억이 될 수 있습니다.
pig,"욕심이 생기는 날입니다. 돼지띠인 당신, 오늘 하나만 고르는 연습을 해보세요. 잠시 멈춰 자신을 돌아보는 시간이 도움이 됩니다. 오늘은 스스로에게 친절한 하루가 되길 바랍니다."
pig,오늘 돼지띠에겐 솔직하게 감정을 드러내는 것이 관계를 더 깊게 만들어줍니다. 사소한 변화가 좋은 방향으로 이어질 수 있습니다. 괜찮다는 마음 하나면 충분한 날입니다.
pig,"오늘 돼지띠인 당신, 좋은 것들이 눈에 많이 들어오는 날이에요. 지갑은 조심하세요. 마음을 너무 다그치지 않는 것이 중요합니다. 괜찮다는 마음 하나면 충분한 날입니다."
pig,사람들이 오늘 돼지띠인 당신 곁에 모이고 싶어하는 날입니다. 주변 사람과의 대화에서 예상 밖의 힌트를 얻을 수 있습니다. 괜찮다는 마음 하나면 충분한 날입니다.
pig,오늘 돼지띠는 넉넉한 기운이 흐르는 날이에요. 그 에너지를 나눠도 됩니다. 조금 느리게 가는 것이 오히려 현명할 수 있습니다. 잠시 쉬어가도 괜찮습니다.
pig,돼지띠의 낙관적인 기운이 오늘 주변 분위기를 밝게 만들어줍니다. 작은 선택 하나가 긍정적인 흐름을 만들 수 있습니다. 지금의 당신도 충분히 잘하고 있습니다.
pig,오늘 돼지띠인 당신에게 뜻밖의 즐거운 일이 생길 수 있는 날이에요. 주변의 작은 친절이 큰 힘이 될 수 있습니다. 지금의 선택이 나중에 좋은 기억이 될 수 있습니다.
pig,"욕심이 생기는 날입니다. 돼지띠인 당신, 오늘 하나만 고르는 연습을 해보세요. 주변 사람과의 대화에서 예상 밖의 힌트를 얻을 수 있습니다. 오늘은 스스로에게 친절한 하루가 되길 바랍니다."
pig,오늘 돼지띠에겐 솔직하게 감정을 드러내는 것이 관계를 더 깊게 만들어줍니다. 사소한 변화가 좋은 방향으로 이어질 수 있습니다. 당신의 속도를 믿어도 좋습니다.
pig,"오늘 돼지띠인 당신, 좋은 것들이 눈에 많이 들어오는 날이에요. 지갑은 조심하세요. 사소한 변화가 좋은 방향으로 이어질 수 있습니다. 오늘은 스스로에게 친절한 하루가 되길 바랍니다."
pig,사람들이 오늘 돼지띠인 당신 곁에 모이고 싶어하는 날입니다. 마음을 너무 다그치지 않는 것이 중요합니다. 오늘의 작은 미소가 내일의 힘이 될 수 있습니다.
pig,오늘 돼지띠는 넉넉한 기운이 흐르는 날이에요. 그 에너지를 나눠도 됩니다. 마음을 너무 다그치지 않는 것이 중요합니다. 잠시 쉬어가도 괜찮습니다.
pig,돼지띠의 낙관적인 기운이 오늘 주변 분위기를 밝게 만들어줍니다. 평소보다 여유 있는 태도가 좋은 결과로 이어질 수 있습니다. 잠시 쉬어가도 괜찮습니다.
pig,오늘 돼지띠인 당신에게 뜻밖의 즐거운 일이 생길 수 있는 날이에요. 지금의 경험이 곧 의미 있는 이야기로 바뀔 수 있습니다. 오늘의 작은 미소가 내일의 힘이 될 수 있습니다.
pig,"욕심이 생기는 날입니다. 돼지띠인 당신, 오늘 하나만 고르는 연습을 해보세요. 조금 느리게 가는 것이 오히려 현명할 수 있습니다. 오늘은 스스로에게 친절한 하루가 되길 바랍니다."
pig,오늘 돼지띠에겐 솔직하게 감정을 드러내는 것이 관계를 더 깊게 만들어줍니다. 평소보다 여유 있는 태도가 좋은 결과로 이어질 수 있습니다. 괜찮다는 마음 하나면 충분한 날입니다.
pig,"오늘 돼지띠인 당신, 좋은 것들이 눈에 많이 들어오는 날이에요. 지갑은 조심하세요. 주변 사람과의 대화에서 예상 밖의 힌트를 얻을 수 있습니다. 스스로를 다정하게 대하는 것이 가장 좋은 선택입니다."
pig,사람들이 오늘 돼지띠인 당신 곁에 모이고 싶어하는 날입니다. 주변의 작은 친절이 큰 힘이 될 수 있습니다. 당신의 하루가 조금 더 따뜻해지길 바랍니다.
pig,오늘 돼지띠는 넉넉한 기운이 흐르는 날이에요. 그 에너지를 나눠도 됩니다. 평소보다 여유 있는 태도가 좋은 결과로 이어질 수 있습니다. 오늘의 작은 미소가 내일의 힘이 될 수 있습니다.
pig,돼지띠의 낙관적인 기운이 오늘 주변 분위기를 밝게 만들어줍니다. 주변의 작은 친절이 큰 힘이 될 수 있습니다. 당신의 하루가 조금 더 따뜻해지길 바랍니다.
pig,오늘 돼지띠인 당신에게 뜻밖의 즐거운 일이 생길 수 있는 날이에요. 사소한 변화가 좋은 방향으로 이어질 수 있습니다. 스스로를 다정하게 대하는 것이 가장 좋은 선택입니다.
pig,"욕심이 생기는 날입니다. 돼지띠인 당신, 오늘 하나만 고르는 연습을 해보세요. 작은 선택 하나가 긍정적인 흐름을 만들 수 있습니다. 오늘의 작은 미소가 내일의 힘이 될 수 있습니다."
pig,오늘 돼지띠에겐 솔직하게 감정을 드러내는 것이 관계를 더 깊게 만들어줍니다. 작은 선택 하나가 긍정적인 흐름을 만들 수 있습니다. 괜찮다는 마음 하나면 충분한 날입니다.
pig,"오늘 돼지띠인 당신, 좋은 것들이 눈에 많이 들어오는 날이에요. 지갑은 조심하세요. 주변 사람과의 대화에서 예상 밖의 힌트를 얻을 수 있습니다. 오늘은 작은 기쁨을 발견할 가능성이 있습니다."
