keyword,category,base_meaning,positive,negative,emoji,mbti_intj,mbti_intp,mbti_entj,mbti_entp,mbti_infj,mbti_infp,mbti_enfj,mbti_enfp,mbti_istj,mbti_isfj,mbti_estj,mbti_esfj,mbti_istp,mbti_isfp,mbti_estp,mbti_esfp
하늘,자연,무한한 가능성과 자유,희망·목표 달성·확장,이상과 현실의 괴리,🌌,"하늘이 탁 트이게 펼쳐진 꿈이었나요? 선명하고 높을수록 신호는 더 강하게 왔을 거예요.|이 꿈은 오래 닫혀있던 가능성의 문이 지금 열리고 있다는 무의식의 메시지예요.|INTJ인 당신은 크고 정교한 계획을 세우지만, 실행의 첫 발이 늦어지는 경우가 있어요. 이 꿈은 바로 그 '지금'을 놓치지 말라고 하는 거예요.|이 에너지는 오래가지 않아요. 다시 분석 모드로 들어가기 전에 움직여야 해요.|오늘, 가장 굵은 목표 하나의 다음 단계를 딱 하나만 실행해보세요.","하늘을 올려다보며 뭔가가 연결되는 느낌이 들지 않았나요? 그 감각, 맞아요.|이 꿈은 머릿속에서만 맴돌던 아이디어가 실제로 연결되기 시작하는 시점이라는 신호예요.|INTP인 당신은 아이디어를 탐구하는 것 자체를 즐기지만, 밖으로 꺼내는 순간을 자꾸 미루는 경향이 있어요. 이 꿈은 그 순간이 지금이라고 말하고 있어요.|아이디어는 표현되지 않으면 사라져요. 지금 꺼내지 않으면 다음 기회를 기약하기 어려워요.|오늘, 메모 앱에 생각을 날 것 그대로 적어 단 한 문장이라도 밖으로 꺼내보세요.","하늘 꿈, 뭔가 더 넓은 무대가 보이는 것 같은 느낌이었나요?|이 꿈은 지금 당신의 리더십이 더 넓은 범위로 확장될 준비가 됐다는 신호예요.|ENTJ인 당신은 방향을 제시하는 능력이 뛰어나지만, 때로 첫 발언을 주저하는 순간이 있어요. 이 꿈은 주저하지 말고 먼저 나서라고 말하는 거예요.|이 기회의 창은 생각보다 짧아요. 타이밍을 놓치면 다음 기회까지 시간이 걸려요.|오늘, 회의나 대화에서 첫 번째로 발언해보세요.","하늘 꿈, 여러 아이디어가 동시에 폭발할 것 같은 느낌이었나요?|이 꿈은 당신의 창의적 사고가 지금 최고조로 작동하고 있다는 신호예요.|ENTP인 당신은 아이디어를 모으는 데 탁월하지만, 실행 단계에서 다른 아이디어로 옮겨가는 경향이 있어요. 이 꿈은 딱 하나에 집중할 때라고 말하는 거예요.|아이디어의 유통기한은 생각보다 짧아요. 지금 실행하지 않으면 다른 아이디어에 묻혀버려요.|오늘, 가장 흥미로운 아이디어 하나를 골라 10분만 누군가에게 설명해보세요.","하늘을 나는 꿈, 오래 고민해온 무언가의 답이 가까이 온 느낌이었나요?|이 꿈은 당신의 직관이 올바른 방향을 정확하게 가리키고 있다는 신호예요.|INFJ인 당신은 깊이 생각하고 느끼지만, 그 직감을 실제 행동으로 옮기는 타이밍이 늦어지는 경우가 있어요. 이 꿈은 바로 지금 그 직감을 믿으라는 메시지예요.|직관의 에너지는 고민이 길어질수록 흐릿해져요. 지금 이 신호를 흘려보내지 마세요.|오늘, 오래 망설여온 결정에서 한 걸음 앞으로 나가보세요.","하늘 꿈, 오래 품어온 바람이 실제로 가능해질 것 같은 느낌이었나요?|이 꿈은 당신이 오래 꿈꿔온 이상이 현실과 가까워지고 있다는 무의식의 신호예요.|INFP인 당신은 풍부한 꿈과 이상을 가졌지만, 완벽한 준비를 기다리다 시작이 늦어지는 경향이 있어요. 이 꿈은 작은 행동이 먼저라고 말하는 거예요.|준비가 완벽해지는 날은 오지 않아요. 지금 이 순간이 가장 좋은 시작점이에요.|오늘, 그 꿈을 향한 가장 작은 한 걸음을 딱 하나만 내딛어보세요.","하늘 꿈, 사람들과 함께 더 높이 올라가는 그림이 보이지 않았나요?|이 꿈은 당신이 사람들을 이끌 기회가 바로 지금 열리고 있다는 신호예요.|ENFJ인 당신은 사람들을 이끄는 힘이 있지만, 때로 혼자 감당하려다 지치는 경우가 있어요. 이 꿈은 함께 올라가는 그림을 그리라고 말하는 거예요.|이 에너지를 나누지 않으면 혼자 소진돼요. 지금 주변에 불꽃을 나눠야 할 때예요.|오늘, 주변 사람 한 명에게 진심 어린 응원의 말을 건네보세요.","하늘 꿈, 지금 당장 뛰어들고 싶은 가능성이 보이지 않았나요?|이 꿈은 지금 눈앞에 펼쳐진 가능성이 진짜라는 무의식의 확인 신호예요.|ENFP인 당신은 열정이 넘치지만, 흥미로운 것이 너무 많아 에너지가 분산되는 경향이 있어요. 이 꿈은 지금 이 순간 딱 하나에 뛰어들라는 메시지예요.|설레는 것은 많지만 에너지는 하나예요. 가장 설레는 것을 지금 바로 선택해야 해요.|오늘, 가장 설레는 아이디어 하나를 골라 바로 시작해보세요.","하늘 꿈, 묵묵히 쌓아온 것들이 드디어 결실을 맺으려는 느낌이었나요?|이 꿈은 당신이 안정적으로 쌓아온 성과가 이제 인정받을 시기가 됐다는 신호예요.|ISTJ인 당신은 묵묵히 해온 것들이 많지만, 스스로 그 성과를 인정하는 데 인색한 경향이 있어요. 이 꿈은 당신 자신도 그 성과를 인정하라고 말하는 거예요.|스스로를 인정하지 않으면 동력이 고갈돼요. 타인의 인정을 기다리기 전에 먼저 자신에게 인정해주세요.|오늘, 완료한 일 하나를 체크리스트에서 지우며 뿌듯함을 온전히 느껴보세요.","하늘 꿈, 조용히 베풀어온 것들이 따뜻하게 돌아오는 느낌이었나요?|이 꿈은 당신의 헌신이 결실을 맺기 시작하는 시기라는 신호예요.|ISFJ인 당신은 늘 타인을 먼저 챙기지만, 정작 자신을 돌보는 데는 소홀한 경우가 많아요. 이 꿈은 자신을 돌보는 것도 헌신의 일부라고 말하는 거예요.|자신을 돌보지 않으면 헌신도 오래 지속되지 않아요. 지금 자신을 위한 시간이 필요해요.|오늘, 자신을 위한 시간을 30분만 따로 만들어보세요.","하늘 꿈, 체계적으로 밀어붙여온 목표가 마무리에 가까워지는 느낌이었나요?|이 꿈은 당신이 목표 달성 직전의 단계에 진입했다는 신호예요.|ESTJ인 당신은 원칙을 철저히 지키지만, 마지막 단계에서 완료 기준을 흐리는 경우가 있어요. 이 꿈은 끝까지 원칙을 지키라고 말하는 거예요.|마지막 10%가 전체 결과를 결정해요. 끝을 흐트러지지 않아야 해요.|오늘, 진행 중인 프로젝트의 완료 기준을 한 번 더 명확히 확인해보세요.","하늘 꿈, 소중한 사람들과의 연결이 더 깊어지는 따뜻한 느낌이었나요?|이 꿈은 지금 당신의 관계들이 가장 풍요롭게 확장되는 시기라는 신호예요.|ESFJ인 당신은 관계를 소중히 여기지만, 먼저 다가가는 것에 주저할 때가 있어요. 이 꿈은 먼저 다가가는 것이 관계를 더 단단하게 만든다고 말하는 거예요.|관계는 가꾸지 않으면 자연스럽게 멀어져요. 지금이 연결을 강화할 타이밍이에요.|오늘, 오래 연락 못한 사람에게 짧은 메시지를 먼저 보내보세요.","하늘 꿈, 오래 고민만 해온 문제를 직접 해결할 수 있을 것 같은 느낌이었나요?|이 꿈은 지금 눈앞의 문제에 실용적으로 뛰어들 타이밍이 왔다는 신호예요.|ISTP인 당신은 분석력이 뛰어나지만, 행동보다 분석을 오래 하는 경향이 있어요. 이 꿈은 분석보다 행동이 먼저인 국면이라고 말하는 거예요.|타이밍을 놓치면 해결할 수 있는 문제도 복잡해져요. 지금 바로 시도해야 해요.|오늘, 오래 고민만 해온 문제를 실제로 한 번 시도해보세요.","하늘 꿈, 평소보다 아름다운 것들이 더 선명하고 또렷하게 느껴지지 않았나요?|이 꿈은 지금 당신의 감성이 가장 풍부하게 활성화된 특별한 시기라는 신호예요.|ISFP인 당신은 아름다운 것을 섬세하게 느끼는 능력이 있지만, 그 감각을 표현하는 것을 주저할 때가 있어요. 이 꿈은 그 감각을 표현해도 된다고 말하는 거예요.|표현하지 않은 감성은 조용히 사라져요. 지금 이 특별한 감각을 남겨두세요.|오늘, 하늘 사진 한 장을 찍거나 짧은 글로 기분을 담아보세요.","하늘 꿈, 지금 당장 뛰어들고 싶은 흥미로운 기회가 눈에 띄지 않았나요?|이 꿈은 즉각적으로 행동해야 할 순간이 바로 지금이라는 신호예요.|ESTP인 당신은 순간 판단력이 뛰어나지만, 때로 망설이다 기회를 놓치는 경우도 있어요. 이 꿈은 망설이지 말고 몸으로 먼저 부딪히라고 말하는 거예요.|이 기회는 생각보다 빠르게 지나가요. 지금 잡지 않으면 다음을 기다려야 해요.|오늘, 가장 하고 싶었던 것을 허락받지 말고 그냥 해보세요.","하늘 꿈, 지금 이 순간 기쁨과 자유가 온몸에 가득 찬 느낌이었나요?|이 꿈은 지금 당신의 에너지가 주변 전체를 밝히고 있다는 신호예요.|ESFP인 당신은 즐기는 것 자체가 강점이지만, 때로 그 에너지를 억누르는 경우가 있어요. 이 꿈은 즐기는 것이 당신의 가장 강력한 무기라고 말하는 거예요.|이 에너지를 억누르면 주변도 함께 어두워져요. 지금이 그 빛을 마음껏 발산할 때예요.|오늘, 가장 신나는 일을 제일 먼저 해보세요."
물,자연,감정과 무의식의 흐름,정화·치유·새 출발,감정 과부하·불안,💧,"물이 흐르는 꿈, 감정적인 신호를 오랫동안 무시해온 것은 아닐까요?|이 꿈은 무의식이 분석보다 감각이 먼저 필요한 순간이라고 알려주는 신호예요.|INTJ인 당신은 이성적으로 처리하는 능력이 뛰어나지만, 때로 감정을 데이터로 처리하려다 놓치는 것이 있어요. 이 꿈은 감정을 잠깐 인정하는 것이 오히려 더 나은 판단으로 이어진다고 말하는 거예요.|감정을 무시하면 더 큰 파도가 되어 돌아와요. 지금 작은 감정을 인정해야 해요.|오늘, 감정 일기 한 줄을 써보세요.","물 꿈, 오래 생각해온 문제의 답이 논리가 아닌 직감으로 먼저 떠오르는 느낌이었나요?|이 꿈은 무의식적 통찰이 표면으로 올라오고 있다는 신호예요.|INTP인 당신은 논리적 분석을 선호하지만, 직감도 논리만큼 강력한 정보원이에요. 이 꿈은 그 감각을 무시하지 말라고 말하는 거예요.|직감을 계속 무시하면 무의식이 더 강한 방식으로 신호를 보내요. 지금이 귀 기울일 때예요.|오늘, 직감이 이끄는 방향으로 한 가지 결정을 내려보세요.","물 꿈, 추진력 넘치는 당신이지만 어딘가 감정적으로 막힌 느낌이 있지 않았나요?|이 꿈은 감정적 장벽을 넘어서야 더 강한 성과를 만들 수 있다는 신호예요.|ENTJ인 당신은 결과를 만드는 능력이 탁월하지만, 주변 사람의 감정을 읽는 것이 성과의 열쇠가 될 때가 있어요. 이 꿈은 바로 지금이 그 타이밍이라고 말하는 거예요.|감정을 무시한 리더십은 오래가지 않아요. 지금 한 발 물러서는 것이 더 멀리 가는 길이에요.|오늘, 팀원의 말을 끝까지 듣는 것으로 하루를 시작해보세요.","물 꿈, 정면 돌파가 막혔을 때 유연하게 우회하고 싶은 느낌이 들지 않았나요?|이 꿈은 유연한 사고로 막혀있던 문제를 풀 때라는 신호예요.|ENTP인 당신은 창의적 사고가 강점이지만, 때로 정면 돌파에 집착하다 더 쉬운 길을 놓치는 경우가 있어요. 이 꿈은 흘러가듯 우회하는 방법이 지금 더 강력하다고 말하는 거예요.|같은 방향으로만 밀면 에너지만 소진돼요. 지금은 방향을 바꿔볼 때예요.|오늘, 막힌 문제를 전혀 다른 각도에서 보는 시간을 10분만 가져보세요.","물 꿈, 지금 느끼는 복잡한 감정들이 중요한 메시지를 담고 있다는 느낌이 들지 않았나요?|이 꿈은 깊은 감정이 통찰로 이어지는 시기라는 신호예요.|INFJ인 당신은 감정과 직관이 연결되어 있지만, 너무 혼자 담아두는 경향이 있어요. 이 꿈은 감정을 흘려보내야 통찰로 이어진다고 말하는 거예요.|혼자 담아두는 감정은 무거워질 뿐이에요. 지금 내보내야 할 때예요.|오늘, 감정을 그대로 종이에 쏟아내보세요.","물 꿈, 속으로만 간직해온 감정이 이제 밖으로 나올 준비가 된 느낌이었나요?|이 꿈은 감정을 솔직하게 표현할 때라는 신호예요.|INFP인 당신은 깊은 감정을 가졌지만, 표현이 어색해서 혼자 감당하는 경우가 있어요. 이 꿈은 표현이 어색해도 괜찮다고 말하는 거예요.|표현하지 못한 감정은 더 깊어져요. 지금 꺼내지 않으면 더 오래 혼자 담아야 해요.|오늘, 신뢰하는 사람에게 솔직한 감정 하나를 꺼내보세요.","물 꿈, 주변 사람들을 위해 너무 많이 쏟아왔다는 느낌이 들지 않았나요?|이 꿈은 공감 능력이 빛을 발하는 시기이지만, 자신도 충전이 필요하다는 신호예요.|ENFJ인 당신은 타인의 감정을 깊이 공감하지만, 정작 자신의 감정 상태를 놓치는 경우가 있어요. 이 꿈은 자신도 함께 충전해야 오래 줄 수 있다고 말하는 거예요.|자신을 충전하지 않으면 공감의 그릇이 바닥나요. 먼저 자신을 채워야 해요.|오늘, 자신의 감정 상태를 먼저 확인해보세요.","물 꿈, 지금 느끼는 감정을 자유롭게 흘려보내고 싶은 느낌이었나요?|이 꿈은 감수성이 창의성의 원천이 되는 시기라는 신호예요.|ENFP인 당신은 풍부한 감성이 강점이지만, 그 감정을 억누르다 창의성이 막히는 경우가 있어요. 이 꿈은 감정을 흘려보내야 새로운 길이 열린다고 말하는 거예요.|억눌린 감정은 창의성의 흐름도 막아요. 지금 내보내야 새로운 것이 들어와요.|오늘, 기분을 글이나 그림으로 자유롭게 표현해보세요.","물 꿈, 오랫동안 통제해온 것들을 조금 내려놓아도 된다는 느낌이 들지 않았나요?|이 꿈은 흐름을 따르면 오히려 안정이 찾아온다는 신호예요.|ISTJ인 당신은 안정적인 루틴을 중시하지만, 때로 통제하려는 에너지가 과해지는 경우가 있어요. 이 꿈은 지금까지 쌓아온 기반이 있으니 흘러도 떠내려가지 않는다고 말하는 거예요.|억지로 통제할수록 에너지만 소진돼요. 조금 내려놓는 것도 전략이에요.|오늘, 계획에 없던 것을 하나 그냥 해보세요.","물 꿈, 강하게 밀어붙이기보다 부드럽게 스며드는 방식이 맞다는 느낌이었나요?|이 꿈은 부드러움으로 상황을 풀 때가 왔다는 신호예요.|ISFJ인 당신은 섬세한 감각을 가졌지만, 그 감각을 충분히 믿지 못하는 경우가 있어요. 이 꿈은 자신의 섬세한 감각을 믿어보라고 말하는 거예요.|자신의 감각을 무시하면 스스로도 지쳐요. 지금 그 감각을 신뢰할 때예요.|오늘, 누군가에게 부드럽게 한 마디 먼저 건네보세요.","물 꿈, 체계와 원칙만큼이나 사람의 마음을 읽는 것이 중요한 순간이었나요?|이 꿈은 감정 소통이 관계와 성과를 동시에 강화하는 시기라는 신호예요.|ESTJ인 당신은 체계를 통해 성과를 만들지만, 팀의 감정 상태를 놓치는 순간이 있어요. 이 꿈은 지금이 바로 그 부분을 채울 타이밍이라고 말하는 거예요.|팀의 감정을 무시하면 체계가 흔들려요. 지금 한마디가 큰 차이를 만들어요.|오늘, 팀원에게 '잘하고 있어'라는 진심 어린 말 한마디를 해보세요.","물 꿈, 감정에 휩쓸리지 않으면서도 진심을 담아 소통해야 할 순간이 떠오르지 않았나요?|이 꿈은 실용적으로 감정을 다루며 관계를 더 단단히 할 때라는 신호예요.|ESFJ인 당신은 관계를 소중히 여기지만, 갈등 상황에서 감정적으로 반응해 관계가 복잡해지는 경우가 있어요. 이 꿈은 먼저 한 발 물러서는 것이 더 깊은 연결을 만든다고 말하는 거예요.|갈등을 방치하면 관계의 균열이 깊어져요. 지금 먼저 다가가야 할 때예요.|오늘, 갈등이 있는 관계에서 먼저 한 발 물러서보세요.","물 꿈, 논리보다 직감이 더 정확하게 답을 알고 있다는 느낌이 들지 않았나요?|이 꿈은 내면의 감성을 믿을 때라는 신호예요.|ISTP인 당신은 논리적 판단이 강점이지만, 때로 직감이 더 빠른 정답을 알고 있는 경우가 있어요. 이 꿈은 찜찜한 느낌이 드는 결정을 다시 한 번 확인하라고 말하는 거예요.|직감을 무시하면 나중에 '그럴 줄 알았는데'라는 후회가 남아요. 지금 확인해야 해요.|오늘, 뭔가 찜찜한 느낌이 드는 결정을 다시 한 번 점검해보세요.","물 꿈, 자연스럽게 흘러가는 것이 지금 가장 맞는 방향이라는 느낌이었나요?|이 꿈은 유연하게 흐름을 타야 할 때라는 신호예요.|ISFP인 당신은 감성이 풍부하지만, 방향을 억지로 정하려다 내면의 흐름과 싸우는 경우가 있어요. 이 꿈은 지금은 자연스럽게 흘러가는 것이 정답이라고 말하는 거예요.|억지로 방향을 잡으려 할수록 더 힘들어져요. 지금은 흘러가는 것이 맞아요.|오늘, 계획 없이 기분 가는 대로 한 시간을 보내보세요.","물 꿈, 말보다 행동이 빠른 당신이지만 지금은 감정을 먼저 꺼내야 할 것 같은 느낌이었나요?|이 꿈은 감정 표현이 관계를 더 단단하게 풀어주는 시기라는 신호예요.|ESTP인 당신은 행동력이 강하지만, 감정을 표현하는 것이 어색할 때가 있어요. 이 꿈은 지금은 감정을 먼저 꺼내는 것이 관계를 강화한다고 말하는 거예요.|행동만으로는 해결되지 않는 관계의 문제가 있어요. 지금 말이 필요한 순간이에요.|오늘, 중요한 사람에게 솔직한 감정 한마디를 먼저 해보세요.","물 꿈, 기쁨도 슬픔도 그대로 드러낼 수 있다는 것이 당신의 강점이라는 느낌이었나요?|이 꿈은 긍정 에너지로 감정을 표현할 때라는 신호예요.|ESFP인 당신은 감정 표현이 자연스럽지만, 때로 감정을 숨겨야 한다는 압박을 받는 경우가 있어요. 이 꿈은 그대로 드러내는 것이 당신의 가장 큰 매력이라고 말하는 거예요.|감정을 숨기면 주변의 에너지도 낮아져요. 지금 그대로 표현해도 괜찮아요.|오늘, 감정을 숨기지 말고 그대로 표현해보세요."
불,자연,열정·변화·정화의 에너지,성공·추진력·변화,충동·파괴·갈등,🔥,"불꽃이 타오르는 꿈, 목표를 향한 의지가 최고조에 달한 느낌이 강하게 오지 않았나요?|이 꿈은 지금이 계획의 핵심을 실행에 옮길 타이밍이라는 신호예요.|INTJ인 당신은 치밀한 계획이 강점이지만, 분석이 길어지면 실행 에너지가 식는 경우가 있어요. 이 꿈은 지금 이 불꽃이 있을 때 움직여야 한다고 말하는 거예요.|이 에너지는 오래 유지되지 않아요. 지금 타오를 때 움직여야 해요.|오늘, 가장 중요한 프로젝트에 2시간만 온전히 쏟아보세요.","불 꿈, 오래 묵혀두었던 이론이나 아이디어가 다시 불붙는 느낌이 들지 않았나요?|이 꿈은 지적 탐구에 불이 붙는 최고의 시기라는 신호예요.|INTP인 당신은 끝없이 탐구하는 능력이 있지만, 때로 관심이 분산되어 깊이 들어가지 못하는 경우가 있어요. 이 꿈은 지금 가장 뜨겁게 끌리는 주제에 집중할 때라고 말하는 거예요.|이 지적 불꽃을 놓치면 다시 그 열도로 돌아오기까지 시간이 걸려요.|오늘, 관심 있는 논문이나 책 한 챕터를 끝까지 읽어보세요.","불 꿈, 지금 당신이 나서야 할 순간이 왔다는 강렬한 감각이 들지 않았나요?|이 꿈은 리더십 에너지가 최고조에 달했다는 신호예요.|ENTJ인 당신은 방향을 제시하는 능력이 있지만, 때로 결단을 미루다 타이밍을 놓치는 경우가 있어요. 이 꿈은 지금 결단력 있게 방향을 제시하면 주변이 따라온다고 말하는 거예요.|결단을 미루면 불확실성이 팀 전체로 번져요. 지금 명확한 방향이 필요해요.|오늘, 미루고 있던 중요한 결정 하나를 내려보세요.","불 꿈, 불편하게 느껴지는 상황이 사실 가장 큰 기회라는 직감이 들지 않았나요?|이 꿈은 변화에 뛰어들 때가 왔다는 신호예요.|ENTP인 당신은 도전을 즐기지만, 때로 지나치게 분석하다 흥미를 잃는 경우가 있어요. 이 꿈은 분석보다 뛰어드는 것이 지금 더 강력하다고 말하는 거예요.|기회의 불꽃은 망설이는 사이에 꺼져요. 지금 바로 뛰어들어야 해요.|오늘, 거절했던 제안이나 미뤘던 도전에 다시 한 번 응해보세요.","불 꿈, 오래 참아온 무언가를 이제 말해도 된다는 느낌이 들지 않았나요?|이 꿈은 정의감이 행동으로 이어질 때라는 신호예요.|INFJ인 당신은 깊은 가치관을 가졌지만, 갈등을 피하려다 중요한 순간에 침묵하는 경우가 있어요. 이 꿈은 직관이 그 방향이 맞다고 이미 알고 있다고 말하는 거예요.|침묵이 길어지면 내면의 불꽃이 꺼져요. 지금이 용기를 낼 순간이에요.|오늘, 용기 있게 솔직한 의견을 한 마디 꺼내보세요.","불 꿈, 지금 가장 하고 싶은 것을 만들어내고 싶은 창작 열정이 타오르지 않았나요?|이 꿈은 창작 열정이 폭발하는 최고의 시기라는 신호예요.|INFP인 당신은 창의적 감성이 풍부하지만, 완성도에 대한 부담으로 시작조차 못하는 경우가 있어요. 이 꿈은 완성도는 나중 문제이고, 시작만 해도 된다고 말하는 거예요.|시작하지 않으면 이 열정의 불꽃은 조용히 꺼져요. 지금이 시작할 때예요.|오늘, 창작물 하나를 단 10분이라도 시작해보세요.","불 꿈, 주변 사람들에게 영감을 줄 수 있는 에너지가 지금 가장 강하게 빛난다는 느낌이었나요?|이 꿈은 당신의 에너지가 주변을 이끌 때라는 신호예요.|ENFJ인 당신은 사람들에게 영감을 주는 능력이 있지만, 그 에너지를 아끼다 기회를 놓치는 경우가 있어요. 이 꿈은 지금 그 불꽃을 주변에 나눠줄 때라고 말하는 거예요.|에너지를 나누지 않으면 혼자 소진돼요. 지금이 불꽃을 전파할 때예요.|오늘, 누군가의 등을 밀어줄 수 있는 진심 어린 말을 해보세요.","불 꿈, 몸과 마음이 동시에 폭발할 것 같은 활기찬 에너지가 느껴지지 않았나요?|이 꿈은 에너지가 최고조로 활성화된 시기라는 신호예요.|ENFP인 당신은 열정이 넘치지만, 그 에너지를 여러 곳에 분산시키는 경향이 있어요. 이 꿈은 이 에너지를 가장 즐거운 것 하나에 집중하라고 말하는 거예요.|에너지를 분산하면 불꽃이 여기저기서 꺼져요. 지금은 하나에 집중할 때예요.|오늘, 에너지가 넘칠 때 가장 하고 싶은 것을 해보세요.","불 꿈, 묵묵히 해온 것들이 이제 실제 결과로 나타나기 시작하는 느낌이었나요?|이 꿈은 꾸준한 노력에 불이 붙는 시기라는 신호예요.|ISTJ인 당신은 성실함이 강점이지만, 그 노력의 결과를 스스로 인식하지 못하는 경우가 있어요. 이 꿈은 지금 페이스를 유지하면 반드시 결과가 나온다고 말하는 거예요.|지금 페이스를 잃으면 쌓아온 모멘텀이 끊겨요. 유지하는 것이 전략이에요.|오늘, 루틴에서 가장 중요한 것 하나를 빠짐없이 완수해보세요.","불 꿈, 당신이 조용히 지켜온 사람들이 그 온기를 느끼고 있다는 따뜻한 감각이 들지 않았나요?|이 꿈은 따뜻한 헌신이 더욱 빛나는 시기라는 신호예요.|ISFJ인 당신은 조용히 헌신하는 능력이 있지만, 정작 자신도 따뜻함을 받아야 한다는 것을 잊는 경우가 있어요. 이 꿈은 자신도 그 온기를 받아야 한다고 말하는 거예요.|주기만 하고 받지 못하면 결국 불꽃이 꺼져요. 지금 자신도 채워야 해요.|오늘, 당신을 아끼는 사람과 시간을 보내보세요.","불 꿈, 강한 의지로 목표를 밀어붙일 최적의 타이밍이 왔다는 확신이 들지 않았나요?|이 꿈은 강한 의지로 목표를 돌파할 시기라는 신호예요.|ESTJ인 당신은 원칙을 지키며 목표를 달성하는 능력이 있지만, 어려운 업무를 뒤로 미루는 경우가 있어요. 이 꿈은 지금 가장 강력한 무기는 흔들리지 않는 원칙이라고 말하는 거예요.|어려운 것을 미루면 나중에 더 큰 부담이 돼요. 지금 정면으로 돌파해야 해요.|오늘, 가장 어려운 업무를 제일 먼저 처리해보세요.","불 꿈, 관계 속에서 열정을 나누면 더 깊어진다는 따뜻한 확신이 들지 않았나요?|이 꿈은 화합의 에너지가 넘치는 시기라는 신호예요.|ESFJ인 당신은 사람들과 연결하는 능력이 있지만, 먼저 다가가는 용기를 내지 못하는 경우가 있어요. 이 꿈은 먼저 다가가는 용기가 지금 빛을 발한다고 말하는 거예요.|먼저 다가가지 않으면 서로의 불꽃이 교차하지 않아요. 지금이 다가갈 때예요.|오늘, 모임이나 대화를 주도적으로 이끌어보세요.","불 꿈, 뜨겁게 붙어있는 문제를 정면으로 해결할 집중력이 지금 가장 강하다는 느낌이었나요?|이 꿈은 문제 해결에 집중력이 폭발하는 시기라는 신호예요.|ISTP인 당신은 실용적 문제 해결에 강하지만, 오랫동안 방치해온 문제가 있을 수 있어요. 이 꿈은 지금 행동이 먼저라고 말하는 거예요.|방치한 문제는 결국 더 큰 불꽃이 되어 돌아와요. 지금 처리해야 해요.|오늘, 오래 방치해온 기술적 문제를 해결해보세요.","불 꿈, 내면에서 강하게 끌리는 것이 있다면 그것이 바로 신호라는 느낌이었나요?|이 꿈은 감성의 불꽃이 타오르는 시기라는 신호예요.|ISFP인 당신은 내면의 감성이 풍부하지만, 그것을 억누르거나 표현하지 못하는 경우가 있어요. 이 꿈은 억누르지 말고 표현해도 된다고 말하는 거예요.|억누른 감성의 불꽃은 안에서 꺼져요. 지금 표현해야 살아나요.|오늘, 마음이 끌리는 예술적 활동을 해보세요.","불 꿈, 지금 기회는 생각보다 빠르게 지나간다는 직감이 강하게 들지 않았나요?|이 꿈은 즉각적 행동으로 성과를 낼 시기라는 신호예요.|ESTP인 당신은 빠른 판단력이 강점이지만, 때로 분석하다 기회를 놓치는 경우도 있어요. 이 꿈은 분석보다 행동이 먼저인 국면이라고 말하는 거예요.|이 기회의 불꽃은 망설이는 사이에 꺼져요. 지금 바로 뛰어들어야 해요.|오늘, 가장 흥미로운 기회에 바로 뛰어들어보세요.","불 꿈, 지금 당신이 있는 곳이 가장 뜨거운 무대라는 확신이 들지 않았나요?|이 꿈은 활기찬 에너지가 폭발하는 시기라는 신호예요.|ESFP인 당신은 현장 에너지가 강점이지만, 그 에너지를 혼자 품고 있는 경우가 있어요. 이 꿈은 지금 그 에너지를 전부 발산하라고 말하는 거예요.|에너지를 품고 있으면 혼자 타버려요. 지금 신나는 사람들과 나눠야 해요.|오늘, 가장 신나는 사람들과 함께하는 시간을 만들어보세요."
뱀,동물,지혜·변화·위험의 상징,지혜·재생·변화,배신·위험·불안,🐍,"뱀이 나오는 꿈, 불편했을 수도 있어요.|하지만 이건 숨겨진 위험을 이미 감지하고 있다는 신호예요.|INTJ인 당신은 상황을 냉정하게 분석하지만, 논리로 설명되지 않는 불편함을 무시하는 경우가 있어요. 이 꿈은 지금 그 찜찜한 감각이 오히려 정확한 신호라고 말하는 거예요.|감정보다 데이터로 판단할 때예요.|오늘 의심이 가는 상황을 객관적으로 검토해보세요.","뱀 꿈은 이면의 진실을 탐구할 때라는 신호예요.|겉으로 보이는 것 너머에 중요한 정보가 있어요.|INTP인 당신은 패턴을 잘 읽지만, 인간관계의 위험 신호는 데이터가 아닌 감각으로 먼저 오는 경우가 있어요. 이 꿈은 지금 그 감각을 이론보다 먼저 믿어야 할 때라고 말하는 거예요.|이 기회를 흘려보내면 다시 오기까지 시간이 걸려요. 지금 이 신호를 놓치지 마세요.|오늘 의문이 드는 것을 끝까지 탐구해보세요.","뱀 꿈은 전략적으로 위험을 제거할 때라는 신호예요.|지금 목표를 방해하는 요소가 보이기 시작하고 있어요.|ENTJ인 당신은 주도적으로 방향을 이끌지만, 가까운 곳의 위험보다 큰 그림에 집중하다 놓치는 것이 있어요. 이 꿈은 지금 주변 관계를 한 번 더 점검하라고 말하는 거예요.|이 기회를 흘려보내면 다시 오기까지 시간이 걸려요. 지금 이 신호를 놓치지 마세요.|오늘 리스크 요인 하나를 구체적으로 정리해보세요.","뱀 꿈은 창의적으로 문제를 우회할 때라는 신호예요.|정면 돌파가 막혀있다면 돌아가는 길이 있어요.|ENTP인 당신은 모든 가능성을 열어두지만, 그 열린 태도가 경계를 흐릿하게 만드는 경우가 있어요. 이 꿈은 지금 신뢰할 수 있는 것과 없는 것을 명확하게 나눌 때라고 말하는 거예요.|이 기회를 흘려보내면 다시 오기까지 시간이 걸려요. 지금 이 신호를 놓치지 마세요.|오늘 막혀있는 문제를 전혀 다른 방식으로 접근해보세요.","뱀 꿈은 깊은 통찰로 위험 신호를 감지할 때라는 신호예요.|뭔가 찜찜하게 느껴지는 관계나 상황이 있다면 그 직감이 맞을 가능성이 높아요.|INFJ인 당신은 사람의 본질을 꿰뚫는 직관이 있지만, 관계를 소중히 여기다 불편한 진실을 외면할 때가 있어요. 이 꿈은 지금 그 진실을 정면으로 바라볼 용기가 필요하다고 말하는 거예요.|이 기회를 흘려보내면 다시 오기까지 시간이 걸려요. 지금 이 신호를 놓치지 마세요.|오늘 불편한 감각이 드는 상황에서 한 발 물러서보세요.","뱀 꿈은 내면의 두려움과 마주할 때라는 신호예요.|피하고 싶었던 무언가를 이제 직면할 시간이에요.|INFP인 당신은 사람을 깊이 믿는 마음이 있지만, 그 신뢰가 경계를 낮추게 만드는 경우가 있어요. 이 꿈은 지금 나를 지키는 것도 소중한 가치라고 말하는 거예요.|이 기회를 흘려보내면 다시 오기까지 시간이 걸려요. 지금 이 신호를 놓치지 마세요.|오늘 가장 두려운 것 한 가지를 일기에 솔직하게 써보세요.","뱀 꿈은 주변을 세심하게 살펴야 할 시기라는 신호예요.|잘 챙겨온 관계 중에 균형이 깨진 곳이 있는지 확인해보세요.|ENFJ인 당신은 관계를 따뜻하게 이끌지만, 주변의 부정적 에너지를 너무 오래 감당하려는 경향이 있어요. 이 꿈은 지금 나를 소모시키는 관계에 경계를 그을 때라고 말하는 거예요.|이 기회를 흘려보내면 다시 오기까지 시간이 걸려요. 지금 이 신호를 놓치지 마세요.|오늘 관계에서 불편한 부분을 솔직하게 점검해보세요.","뱀 꿈은 직관으로 위험 신호를 감지할 때라는 신호예요.|열정적으로 달리다 보면 놓치는 것들이 있어요.|ENFP인 당신은 사람에 대한 호기심과 열정이 넘치지만, 그 에너지가 위험한 상황도 흥미롭게 만들어버리는 경우가 있어요. 이 꿈은 지금은 흥미보다 경계가 먼저라고 말하는 거예요.|이 기회를 흘려보내면 다시 오기까지 시간이 걸려요. 지금 이 신호를 놓치지 마세요.|오늘 속도를 늦추고 주변 상황을 조용히 관찰해보세요.","뱀 꿈은 신뢰할 사람을 신중히 선택할 때라는 신호예요.|오랫동안 익숙해진 관계에서도 균열이 생길 수 있어요.|ISTJ인 당신은 검증된 것만 믿는 신중함이 있지만, 새로운 위험 신호가 익숙한 패턴에 가려 보이지 않을 때가 있어요. 이 꿈은 지금 루틴 밖의 경고에 귀 기울일 때라고 말하는 거예요.|이 기회를 흘려보내면 다시 오기까지 시간이 걸려요. 지금 이 신호를 놓치지 마세요.|오늘 중요한 관계에서 신뢰의 근거를 점검해보세요.","뱀 꿈은 관계에서 주의가 필요한 시기라는 신호예요.|너무 헌신적으로 줘온 관계에서 에너지가 고갈되고 있을 수 있어요.|ISFJ인 당신은 주변을 세심하게 챙기지만, 정작 자신에게 해가 될 수 있는 관계에서 빠져나오는 것을 어려워하는 경우가 있어요. 이 꿈은 지금 자신을 먼저 지키는 것이 옳다고 말하는 거예요.|이 기회를 흘려보내면 다시 오기까지 시간이 걸려요. 지금 이 신호를 놓치지 마세요.|오늘 자신의 에너지를 소모시키는 관계를 점검해보세요.","뱀 꿈은 냉정하게 상황을 재점검할 때라는 신호예요.|감정을 빼고 사실만으로 현재 상황을 다시 보세요.|ESTJ인 당신은 원칙과 규율로 상황을 통제하지만, 원칙 밖에서 오는 위험 신호는 늦게 감지하는 경우가 있어요. 이 꿈은 지금 규칙보다 직관이 더 빠른 경보를 보내고 있다고 말하는 거예요.|이 기회를 흘려보내면 다시 오기까지 시간이 걸려요. 지금 이 신호를 놓치지 마세요.|오늘 진행 중인 일을 객관적으로 검토해보세요.","뱀 꿈은 관계의 균형을 살펴볼 때라는 신호예요.|잘 유지해온 관계 중 한쪽이 너무 많이 가져가는 것은 없는지 점검해보세요.|ESFJ인 당신은 관계의 화합을 중시하지만, 갈등을 피하다 불편한 진실을 오래 묻어두는 경향이 있어요. 이 꿈은 지금 그 불편함을 꺼내야 관계가 더 단단해진다고 말하는 거예요.|이 기회를 흘려보내면 다시 오기까지 시간이 걸려요. 지금 이 신호를 놓치지 마세요.|오늘 부담스러운 관계에서 솔직하게 이야기해보세요.","뱀 꿈은 실용적 판단으로 위험을 피할 때라는 신호예요.|직감적으로 이상하다는 느낌이 드는 것이 있다면 데이터로 확인해보세요.|ISTP인 당신은 상황을 객관적으로 파악하지만, 감정이 얽힌 위험 신호는 과소평가하는 경우가 있어요. 이 꿈은 지금 냉정한 분석과 함께 본능적 경계심도 함께 가동할 때라고 말하는 거예요.|이 기회를 흘려보내면 다시 오기까지 시간이 걸려요. 지금 이 신호를 놓치지 마세요.|오늘 의심스러운 것을 직접 확인해보세요.","뱀 꿈은 감성으로 진심을 구별할 때라는 신호예요.|겉으로는 좋아보이지만 뭔가 어색한 관계가 있다면, 그 감각을 믿어보세요.|ISFP인 당신은 감성이 풍부하고 사람을 잘 느끼지만, 그 섬세함이 오히려 상처를 더 크게 받게 만드는 경우가 있어요. 이 꿈은 지금 느껴지는 불편함을 외면하지 말라고 말하는 거예요.|이 순간의 에너지는 오래가지 않아요. 지금 바로 움직여야 해요.|오늘 마음이 불편한 관계에서 조용히 거리를 두어보세요.","뱀 꿈은 경험으로 위험을 판단할 때라는 신호예요.|빠르게 움직이다 보면 위험을 놓칠 수 있어요.|ESTP인 당신은 순발력이 뛰어나지만, 위험을 스릴로 받아들이다 실제 경고를 가볍게 넘기는 경우가 있어요. 이 꿈은 지금은 흥분보다 냉정한 판단이 먼저라고 말하는 거예요.|이 기회를 흘려보내면 다시 오기까지 시간이 걸려요. 지금 이 신호를 놓치지 마세요.|오늘 빠르게 결정한 것들을 다시 한 번 확인해보세요.","뱀 꿈은 긍정 에너지로 두려움을 극복할 때라는 신호예요.|두렵게 느껴지는 것이 있더라도 당신의 에너지로 충분히 이겨낼 수 있어요.|ESFP인 당신은 긍정 에너지로 주변을 밝히지만, 그 낙관적 태도가 위험 신호를 늦게 인식하게 만들 때가 있어요. 이 꿈은 지금 즐거움 뒤에 숨어있는 신호를 놓치지 말라고 말하는 거예요.|이 기회를 흘려보내면 다시 오기까지 시간이 걸려요. 지금 이 신호를 놓치지 마세요.|오늘 두렵게 느껴지는 것을 믿는 사람과 이야기해보세요."
돈,상황,물질적 안정과 가치 추구,풍요·성공·안정,집착·불안·욕심,💰,돈 꿈은 재정 전략을 점검할 타이밍이라는 신호예요.|장기 계획에서 놓친 부분이 있을 수 있어요.|감정이 아닌 숫자로 현재 상황을 다시 보세요.|이 기회를 흘려보내면 다시 오기까지 시간이 걸려요. 지금 이 신호를 놓치지 마세요.|오늘 지출과 수입 현황을 구체적으로 확인해보세요.,"돈 꿈은 자원을 더 효율적으로 배분할 때라는 신호예요.|지금 시간과 에너지, 돈이 어디에 쓰이는지 분석해보세요.|최적화할 부분이 보일 거예요.|이 기회를 흘려보내면 다시 오기까지 시간이 걸려요. 지금 이 신호를 놓치지 마세요.|오늘 지난 한 달 지출을 카테고리별로 정리해보세요.",돈 꿈은 큰 그림의 재정 전략을 세울 때라는 신호예요.|지금 움직이지 않으면 기회가 지나가요.|과감하게 투자하거나 결정을 내릴 준비를 하세요.|이 기회를 흘려보내면 다시 오기까지 시간이 걸려요. 지금 이 신호를 놓치지 마세요.|오늘 가장 큰 재정 목표와 그 첫 단계를 정해보세요.,돈 꿈은 새로운 수익 아이디어를 탐색할 때라는 신호예요.|기존 방식에 얽매이지 말고 창의적인 접근을 해보세요.|ENTP인 당신에게 이 꿈은 지금 가장 중요한 타이밍을 알려주는 특별한 신호예요.|이 순간의 에너지는 오래가지 않아요. 지금 바로 움직여야 해요.|오늘 지금 당장 현실 가능한 새 아이디어를 하나 적어보세요.,돈 꿈은 가치 기반의 소비를 점검할 때라는 신호예요.|정말 중요한 것에 자원이 쓰이고 있는지 확인해보세요.|물질보다 의미에 집중하는 것이 지금 더 중요해요.|이 기회를 흘려보내면 다시 오기까지 시간이 걸려요. 지금 이 신호를 놓치지 마세요.|오늘 가장 의미 있는 소비와 그렇지 않은 소비를 구분해보세요.,돈 꿈은 현실적인 재정 감각을 키울 때라는 신호예요.|이상만큼이나 현실적인 준비도 필요해요.|작은 것부터 관리해보세요.|이 기회를 흘려보내면 다시 오기까지 시간이 걸려요. 지금 이 신호를 놓치지 마세요.|오늘 저축 목표 하나를 구체적으로 세워보세요.,돈 꿈은 나눔과 자신의 안정 사이 균형을 맞출 때라는 신호예요.|베푸는 것만큼 자신의 재정도 지켜야 해요.|ENFJ인 당신에게 이 꿈은 지금 가장 중요한 타이밍을 알려주는 특별한 신호예요.|이 순간의 에너지는 오래가지 않아요. 지금 바로 움직여야 해요.|오늘 자신을 위한 재정 목표를 하나 설정해보세요.,돈 꿈은 재정 관리에 현실적인 눈을 뜰 때라는 신호예요.|열정적으로 쓰다 보면 놓치는 부분이 있어요.|지금 잠깐 멈추고 현황을 확인해보세요.|이 기회를 흘려보내면 다시 오기까지 시간이 걸려요. 지금 이 신호를 놓치지 마세요.|오늘 지갑과 계좌를 한 번 점검해보세요.,돈 꿈은 재정의 안정성을 더 굳건히 다질 때라는 신호예요.|원칙대로 관리해온 것이 빛을 발할 거예요.|지금 루틴을 유지하면 됩니다.|이 기회를 흘려보내면 다시 오기까지 시간이 걸려요. 지금 이 신호를 놓치지 마세요.|오늘 재정 기록을 정리하고 다음 단계를 점검해보세요.,돈 꿈은 자신을 위한 재정 계획을 세울 때라는 신호예요.|항상 남을 위해 쓰다 보면 정작 자신의 안정이 흔들릴 수 있어요.|ISFJ인 당신에게 이 꿈은 지금 가장 중요한 타이밍을 알려주는 특별한 신호예요.|이 순간의 에너지는 오래가지 않아요. 지금 바로 움직여야 해요.|오늘 나를 위한 재정 목표를 하나 세워보세요.,돈 꿈은 재정 계획을 더 체계적으로 정비할 때라는 신호예요.|숫자는 정직해요.|지금 계획대로 흘러가고 있는지 확인해보세요.|이 기회를 흘려보내면 다시 오기까지 시간이 걸려요. 지금 이 신호를 놓치지 마세요.|오늘 재정 목표 달성률을 점검해보세요.,돈 꿈은 관계와 재정의 경계를 확인할 때라는 신호예요.|감정적인 이유로 재정 결정을 내리고 있는 건 아닌지 점검해보세요.|ESFJ인 당신에게 이 꿈은 지금 가장 중요한 타이밍을 알려주는 특별한 신호예요.|이 순간의 에너지는 오래가지 않아요. 지금 바로 움직여야 해요.|오늘 재정과 관련된 인간관계를 냉정하게 돌아보세요.,돈 꿈은 재정 효율성을 높일 방법을 찾을 때라는 신호예요.|현재 시스템에서 낭비되는 부분이 있어요.|실용적으로 접근해보세요.|이 기회를 흘려보내면 다시 오기까지 시간이 걸려요. 지금 이 신호를 놓치지 마세요.|오늘 불필요한 지출 하나를 끊어보세요.,돈 꿈은 지금 소중한 것에 투자할 때라는 신호예요.|가장 의미 있는 경험이나 관계에 자원을 쓰는 것이 지금 가장 현명한 선택이에요.|ISFP인 당신에게 이 꿈은 지금 가장 중요한 타이밍을 알려주는 특별한 신호예요.|이 순간의 에너지는 오래가지 않아요. 지금 바로 움직여야 해요.|오늘 자신을 위한 작은 선물을 해보세요.,돈 꿈은 빠른 기회를 놓치지 말라는 신호예요.|지금 움직이지 않으면 다음 기회는 없을 수 있어요.|단 충동적인 결정은 오늘만큼은 한 번 더 확인해보세요.|이 기회를 흘려보내면 다시 오기까지 시간이 걸려요. 지금 이 신호를 놓치지 마세요.|오늘 투자하거나 도전하기 전 핵심 사실 하나만 더 확인해보세요.,돈 꿈은 즐기면서도 현실을 챙길 때라는 신호예요.|기쁘게 쓰는 것도 좋지만 미래의 나를 위한 저축도 지금 시작할 수 있어요.|ESFP인 당신에게 이 꿈은 지금 가장 중요한 타이밍을 알려주는 특별한 신호예요.|이 순간의 에너지는 오래가지 않아요. 지금 바로 움직여야 해요.|오늘 자동이체 저축 하나를 설정해보세요.
죽음,상황,끝과 새로운 시작의 전환,변화·재탄생·새 출발,상실·두려움·집착,🌑,죽음 꿈은 불길한 게 아니에요.|오래된 전략이나 방식이 수명을 다했다는 신호예요.|이제 버릴 것을 명확히 정하고 새 전략으로 전환할 때예요.|이 기회를 흘려보내면 다시 오기까지 시간이 걸려요. 지금 이 신호를 놓치지 마세요.|오늘 더 이상 효과 없는 방법 하나를 공식적으로 포기해보세요.,죽음 꿈은 낡은 이론이나 틀을 내려놓을 때라는 신호예요.|계속 붙잡고 있던 아이디어가 이제 새것으로 대체될 준비가 됐어요.|놓아주면 더 나은 것이 들어와요.|이 기회를 흘려보내면 다시 오기까지 시간이 걸려요. 지금 이 신호를 놓치지 마세요.|오늘 폐기할 아이디어를 하나 정해보세요.,죽음 꿈은 구식 전략을 과감히 버리고 전환할 때라는 신호예요.|효과 없는 방법에 시간을 낭비하지 마세요.|빠르게 결단하세요.|이 기회를 흘려보내면 다시 오기까지 시간이 걸려요. 지금 이 신호를 놓치지 마세요.|오늘 결과가 안 나오는 프로젝트나 계획을 솔직하게 평가해보세요.,죽음 꿈은 낡은 패턴을 깨고 새로운 실험을 시작할 때라는 신호예요.|이미 익숙해진 방식에 안주하고 있던 건 아닌지 돌아보세요.|ENTP인 당신에게 이 꿈은 지금 가장 중요한 타이밍을 알려주는 특별한 신호예요.|이 순간의 에너지는 오래가지 않아요. 지금 바로 움직여야 해요.|오늘 완전히 새로운 방식으로 뭔가를 해보세요.,죽음 꿈은 놓아주어야 할 관계나 믿음이 있다는 신호예요.|무거운 것을 내려놓으면 더 넓게 볼 수 있어요.|작별이 두렵지만 그게 앞으로 나가는 길이에요.|이 기회를 흘려보내면 다시 오기까지 시간이 걸려요. 지금 이 신호를 놓치지 마세요.|오늘 마음속으로 작별해야 할 것을 조용히 인정해보세요.,죽음 꿈은 감정적으로 끝내야 할 무언가가 있다는 신호예요.|놓지 못하고 있는 것이 오히려 성장을 막고 있어요.|INFP인 당신에게 이 꿈은 지금 가장 중요한 타이밍을 알려주는 특별한 신호예요.|이 순간의 에너지는 오래가지 않아요. 지금 바로 움직여야 해요.|오늘 일기에 보내야 할 것에게 작별의 말을 써보세요.,죽음 꿈은 소진되어가는 역할을 내려놓을 때라는 신호예요.|모든 것을 혼자 감당할 필요 없어요.|지금 가장 무거운 짐 하나를 내려놓아도 돼요.|이 기회를 흘려보내면 다시 오기까지 시간이 걸려요. 지금 이 신호를 놓치지 마세요.|오늘 한 가지 책임을 줄이거나 위임해보세요.,죽음 꿈은 이미 끝난 것에 에너지를 낭비하지 말라는 신호예요.|지나간 것은 이미 지나갔어요.|새로운 가능성이 지금 열리고 있어요.|이 기회를 흘려보내면 다시 오기까지 시간이 걸려요. 지금 이 신호를 놓치지 마세요.|오늘 과거의 실망이나 후회를 하나 씩 내려놓아보세요.,죽음 꿈은 오래된 습관이나 방식을 점검할 때라는 신호예요.|변화가 낯설어도 이제는 업데이트가 필요한 시점이에요.|작은 것부터 바꿔보세요.|이 기회를 흘려보내면 다시 오기까지 시간이 걸려요. 지금 이 신호를 놓치지 마세요.|오늘 오래된 루틴 하나를 새로운 방식으로 시도해보세요.,죽음 꿈은 자신을 소모시키는 역할에서 조금 물러설 때라는 신호예요.|오래 유지해온 책임이지만 이제 경계가 필요해요.|ISFJ인 당신에게 이 꿈은 지금 가장 중요한 타이밍을 알려주는 특별한 신호예요.|이 순간의 에너지는 오래가지 않아요. 지금 바로 움직여야 해요.|오늘 자신의 에너지를 지키기 위해 하나를 거절해보세요.,죽음 꿈은 더 이상 효과 없는 규칙이나 시스템을 교체할 때라는 신호예요.|변화를 두려워하지 말고 더 나은 구조를 설계하세요.|ESTJ인 당신에게 이 꿈은 지금 가장 중요한 타이밍을 알려주는 특별한 신호예요.|이 순간의 에너지는 오래가지 않아요. 지금 바로 움직여야 해요.|오늘 비효율적인 프로세스 하나를 개선해보세요.,죽음 꿈은 소진된 관계를 정리하거나 재구성할 때라는 신호예요.|모두를 만족시키려다 정작 당신이 비어있을 수 있어요.|ESFJ인 당신에게 이 꿈은 지금 가장 중요한 타이밍을 알려주는 특별한 신호예요.|이 순간의 에너지는 오래가지 않아요. 지금 바로 움직여야 해요.|오늘 부담스러운 관계 하나를 솔직하게 점검해보세요.,죽음 꿈은 쓸모없어진 방법을 버리고 새 도구를 찾을 때라는 신호예요.|지금 방식이 더 이상 작동하지 않는다면 과감히 바꾸세요.|ISTP인 당신에게 이 꿈은 지금 가장 중요한 타이밍을 알려주는 특별한 신호예요.|이 순간의 에너지는 오래가지 않아요. 지금 바로 움직여야 해요.|오늘 더 나은 방법을 하나 찾아 적용해보세요.,죽음 꿈은 지나간 상처나 감정을 흘려보낼 때라는 신호예요.|억지로 잊으려 하지 말고 자연스럽게 내보내세요.|ISFP인 당신에게 이 꿈은 지금 가장 중요한 타이밍을 알려주는 특별한 신호예요.|이 순간의 에너지는 오래가지 않아요. 지금 바로 움직여야 해요.|오늘 오래된 감정 하나를 종이에 쓰고 찢어보세요.,죽음 꿈은 더 이상 수익이 없는 것을 빠르게 끊을 때라는 신호예요.|미련 없이 버리는 것이 오히려 더 많은 기회를 열어요.|ESTP인 당신에게 이 꿈은 지금 가장 중요한 타이밍을 알려주는 특별한 신호예요.|이 순간의 에너지는 오래가지 않아요. 지금 바로 움직여야 해요.|오늘 비효율적인 것 하나를 바로 끊어보세요.,죽음 꿈은 지나간 것에 대한 아쉬움을 내려놓을 때라는 신호예요.|과거보다 지금 이 순간이 더 생생해요.|오늘의 기쁨에 집중해보세요.|이 기회를 흘려보내면 다시 오기까지 시간이 걸려요. 지금 이 신호를 놓치지 마세요.|오늘 현재를 100% 즐기는 활동을 하나 해보세요.
비행,행동,자유·초월·높은 목표,자유·가능성·성취,현실 도피·무리한 목표,🕊️,"하늘을 나는 꿈, 시원하지 않았나요?|지금 전략이 제대로 된 방향을 향하고 있다는 신호예요.|더 높은 목표를 향해 계획을 확장할 때가 됐어요.|이 기회를 흘려보내면 다시 오기까지 시간이 걸려요. 지금 이 신호를 놓치지 마세요.|오늘 현재 목표보다 한 단계 위를 설정해보세요.",비행 꿈은 생각이 새로운 고도에 올라있다는 신호예요.|지금 탐구하는 아이디어가 기존 틀을 넘어서고 있어요.|이 흐름을 따라가보세요.|이 기회를 흘려보내면 다시 오기까지 시간이 걸려요. 지금 이 신호를 놓치지 마세요.|오늘 가장 대담한 아이디어를 종이에 적어보세요.,비행 꿈은 더 큰 리더십 무대가 열리고 있다는 신호예요.|지금 당신이 나설 수 있는 가장 큰 기회를 잡을 준비를 하세요.|ENTJ인 당신에게 이 꿈은 지금 가장 중요한 타이밍을 알려주는 특별한 신호예요.|이 순간의 에너지는 오래가지 않아요. 지금 바로 움직여야 해요.|오늘 한 단계 위의 역할을 맡을 기회를 적극적으로 찾아보세요.,비행 꿈은 기존의 한계를 뛰어넘을 때라는 신호예요.|남들이 당연하게 여기는 방식을 의심하고 새로운 방법을 실험해보세요.|ENTP인 당신에게 이 꿈은 지금 가장 중요한 타이밍을 알려주는 특별한 신호예요.|이 순간의 에너지는 오래가지 않아요. 지금 바로 움직여야 해요.|오늘 규칙을 창의적으로 깨는 아이디어를 하나 시도해보세요.,비행 꿈은 직관이 가장 높이 올라간 시기라는 신호예요.|오래 내면에서 속삭여온 비전이 이제 실현 가능성을 갖기 시작해요.|INFJ인 당신에게 이 꿈은 지금 가장 중요한 타이밍을 알려주는 특별한 신호예요.|이 순간의 에너지는 오래가지 않아요. 지금 바로 움직여야 해요.|오늘 그 비전을 한 문장으로 써보세요.,비행 꿈은 꿈이 현실과 만나는 지점에 다가왔다는 신호예요.|이상주의자인 당신에게 지금이 가장 큰 도약의 시점이에요.|INFP인 당신에게 이 꿈은 지금 가장 중요한 타이밍을 알려주는 특별한 신호예요.|이 순간의 에너지는 오래가지 않아요. 지금 바로 움직여야 해요.|오늘 꿈을 향한 단 한 가지 행동을 해보세요.,비행 꿈은 더 많은 사람을 이끌 준비가 됐다는 신호예요.|당신의 비전이 주변에 날개를 달아줄 거예요.|ENFJ인 당신에게 이 꿈은 지금 가장 중요한 타이밍을 알려주는 특별한 신호예요.|이 순간의 에너지는 오래가지 않아요. 지금 바로 움직여야 해요.|오늘 당신이 이끌고 싶은 방향을 팀과 공유해보세요.,비행 꿈은 가능성이 끝없이 열려있다는 신호예요.|지금 가장 설레는 방향으로 뛰어들어보세요.|계획보다 직감을 먼저 믿어도 괜찮아요.|이 기회를 흘려보내면 다시 오기까지 시간이 걸려요. 지금 이 신호를 놓치지 마세요.|오늘 가장 하고 싶은 것을 이유 없이 시작해보세요.,비행 꿈은 안전하게 올라온 것들이 이제 더 높이 도달할 준비가 됐다는 신호예요.|지금까지의 성실함이 도약의 발판이 되고 있어요.|ISTJ인 당신에게 이 꿈은 지금 가장 중요한 타이밍을 알려주는 특별한 신호예요.|이 순간의 에너지는 오래가지 않아요. 지금 바로 움직여야 해요.|오늘 다음 목표를 향한 계획을 구체적으로 작성해보세요.,비행 꿈은 자신의 능력이 생각보다 훨씬 높다는 신호예요.|스스로를 과소평가해온 건 아닌가요?|지금 조금 더 높은 곳을 바라봐도 돼요.|이 기회를 흘려보내면 다시 오기까지 시간이 걸려요. 지금 이 신호를 놓치지 마세요.|오늘 도전해보고 싶었던 것을 신청하거나 지원해보세요.,비행 꿈은 지금까지의 체계가 더 높은 성과로 이어질 신호예요.|원칙을 유지하면서도 스케일을 키울 때가 됐어요.|ESTJ인 당신에게 이 꿈은 지금 가장 중요한 타이밍을 알려주는 특별한 신호예요.|이 순간의 에너지는 오래가지 않아요. 지금 바로 움직여야 해요.|오늘 목표의 규모를 한 단계 키워보세요.,비행 꿈은 관계의 지평이 넓어지고 있다는 신호예요.|더 많은 사람들에게 당신의 따뜻함이 닿을 기회가 와요.|ESFJ인 당신에게 이 꿈은 지금 가장 중요한 타이밍을 알려주는 특별한 신호예요.|이 순간의 에너지는 오래가지 않아요. 지금 바로 움직여야 해요.|오늘 새로운 사람과의 연결을 만들어보세요.,비행 꿈은 지금 막혀있는 문제를 위에서 조감할 때라는 신호예요.|너무 가까이에서만 보고 있어서 전체 그림을 못 보고 있을 수 있어요.|ISTP인 당신에게 이 꿈은 지금 가장 중요한 타이밍을 알려주는 특별한 신호예요.|이 순간의 에너지는 오래가지 않아요. 지금 바로 움직여야 해요.|오늘 문제에서 일부러 물러나 전체 흐름을 파악해보세요.,비행 꿈은 감성이 새로운 차원으로 올라가는 시기라는 신호예요.|지금 가장 아름답게 느껴지는 것들을 가까이 두세요.|ISFP인 당신에게 이 꿈은 지금 가장 중요한 타이밍을 알려주는 특별한 신호예요.|이 순간의 에너지는 오래가지 않아요. 지금 바로 움직여야 해요.|오늘 자신에게 영감을 주는 공간이나 사람 곁에 있어보세요.,비행 꿈은 지금이 가장 빠르게 도약할 순간이라는 신호예요.|기회는 공중에 있어요.|지금 바로 잡으세요.|이 기회를 흘려보내면 다시 오기까지 시간이 걸려요. 지금 이 신호를 놓치지 마세요.|오늘 망설이던 제안이나 기회를 즉각 수락해보세요.,비행 꿈은 삶의 흥분과 기쁨이 정점에 달했다는 신호예요.|지금 이 에너지를 가장 즐거운 경험에 쏟아보세요.|ESFP인 당신에게 이 꿈은 지금 가장 중요한 타이밍을 알려주는 특별한 신호예요.|이 순간의 에너지는 오래가지 않아요. 지금 바로 움직여야 해요.|오늘 가장 신나는 계획을 만들어보세요.
시험,상황,평가·도전·자기 검증,성장·준비·능력 증명,불안·두려움·자기의심,📝,시험 꿈은 지금 자신을 검증받아야 한다는 무의식의 신호예요.|준비가 부족하다는 느낌보다는 이미 충분히 준비돼 있다는 것을 인정하세요.|INTJ인 당신에게 이 꿈은 지금 가장 중요한 타이밍을 알려주는 특별한 신호예요.|이 순간의 에너지는 오래가지 않아요. 지금 바로 움직여야 해요.|오늘 자신의 강점을 3가지만 종이에 써보세요.,시험 꿈은 아직 완성되지 않은 이론을 검증받을 때가 다가오고 있다는 신호예요.|더 파고들고 싶어도 이제 꺼낼 때가 됐어요.|INTP인 당신에게 이 꿈은 지금 가장 중요한 타이밍을 알려주는 특별한 신호예요.|이 순간의 에너지는 오래가지 않아요. 지금 바로 움직여야 해요.|오늘 준비 중인 것을 외부에 처음으로 공개해보세요.,시험 꿈은 리더십을 검증받을 기회가 온다는 신호예요.|준비는 이미 됐어요.|지금 필요한 건 확신이에요.|이 기회를 흘려보내면 다시 오기까지 시간이 걸려요. 지금 이 신호를 놓치지 마세요.|오늘 가장 어려운 결정을 자신 있게 내려보세요.,시험 꿈은 아이디어를 실제로 검증받을 때라는 신호예요.|머릿속에만 있는 것을 이제 현실에서 테스트해보세요.|ENTP인 당신에게 이 꿈은 지금 가장 중요한 타이밍을 알려주는 특별한 신호예요.|이 순간의 에너지는 오래가지 않아요. 지금 바로 움직여야 해요.|오늘 아이디어 하나를 실제로 작은 규모로 실험해보세요.,시험 꿈은 내면의 기준이 외부와 충돌하고 있다는 신호예요.|남의 평가보다 자신의 기준이 먼저예요.|INFJ인 당신에게 이 꿈은 지금 가장 중요한 타이밍을 알려주는 특별한 신호예요.|이 순간의 에너지는 오래가지 않아요. 지금 바로 움직여야 해요.|오늘 자신이 정말 중요하게 여기는 가치를 다시 확인해보세요.,시험 꿈은 자기 의심이 강해지는 시기라는 신호예요.|지금 충분히 잘하고 있어요.|자신에게 더 관대해질 때예요.|이 기회를 흘려보내면 다시 오기까지 시간이 걸려요. 지금 이 신호를 놓치지 마세요.|오늘 자신에게 진심 어린 칭찬 한 마디를 해보세요.,시험 꿈은 남들을 이끌기 전에 자신을 먼저 검증해야 한다는 신호예요.|완벽하지 않아도 지금 이 자리에서 충분해요.|ENFJ인 당신에게 이 꿈은 지금 가장 중요한 타이밍을 알려주는 특별한 신호예요.|이 순간의 에너지는 오래가지 않아요. 지금 바로 움직여야 해요.|오늘 자신의 역할을 있는 그대로 받아들여보세요.,시험 꿈은 자유로운 에너지가 집중력을 만날 때라는 신호예요.|지금 딱 한 가지에만 에너지를 모아보세요.|ENFP인 당신에게 이 꿈은 지금 가장 중요한 타이밍을 알려주는 특별한 신호예요.|이 순간의 에너지는 오래가지 않아요. 지금 바로 움직여야 해요.|오늘 가장 중요한 것 하나만 골라 끝까지 완료해보세요.,시험 꿈은 준비의 완성도를 다시 점검할 때라는 신호예요.|이미 충분히 해왔지만 마지막 확인이 필요해요.|ISTJ인 당신에게 이 꿈은 지금 가장 중요한 타이밍을 알려주는 특별한 신호예요.|이 순간의 에너지는 오래가지 않아요. 지금 바로 움직여야 해요.|오늘 체크리스트를 한 번 더 검토해보세요.,시험 꿈은 평가에 대한 불안이 실제보다 크다는 신호예요.|당신은 이미 준비가 되어있어요.|자신을 믿어보세요.|이 기회를 흘려보내면 다시 오기까지 시간이 걸려요. 지금 이 신호를 놓치지 마세요.|오늘 자신이 잘해온 것들 5가지를 떠올려보세요.,시험 꿈은 원칙과 실력이 결과로 나타날 때라는 신호예요.|지금까지 체계적으로 준비한 것이 빛을 발할 거예요.|ESTJ인 당신에게 이 꿈은 지금 가장 중요한 타이밍을 알려주는 특별한 신호예요.|이 순간의 에너지는 오래가지 않아요. 지금 바로 움직여야 해요.|오늘 마지막 준비를 마무리해보세요.,시험 꿈은 남의 시선이 아닌 자신의 기준으로 평가받을 때라는 신호예요.|타인의 인정보다 자신의 노력에 집중하세요.|ESFJ인 당신에게 이 꿈은 지금 가장 중요한 타이밍을 알려주는 특별한 신호예요.|이 순간의 에너지는 오래가지 않아요. 지금 바로 움직여야 해요.|오늘 다른 사람의 반응 말고 자신의 느낌에만 집중해보세요.,시험 꿈은 실력이 증명될 기회가 온다는 신호예요.|이론보다 실행이 증거예요.|ISTP인 당신에게 이 꿈은 지금 가장 중요한 타이밍을 알려주는 특별한 신호예요.|이 순간의 에너지는 오래가지 않아요. 지금 바로 움직여야 해요.|오늘 실제로 결과물을 만들어보세요.,시험 꿈은 자신의 감성적 능력이 평가받는 순간이 온다는 신호예요.|틀에 맞추려 하지 말고 자신만의 방식으로 보여주세요.|ISFP인 당신에게 이 꿈은 지금 가장 중요한 타이밍을 알려주는 특별한 신호예요.|이 순간의 에너지는 오래가지 않아요. 지금 바로 움직여야 해요.|오늘 자신만의 방식으로 무언가를 완성해보세요.,시험 꿈은 실전에서 압도적으로 보여줄 때라는 신호예요.|이론 말고 행동으로 증명하세요.|ESTP인 당신에게 이 꿈은 지금 가장 중요한 타이밍을 알려주는 특별한 신호예요.|이 순간의 에너지는 오래가지 않아요. 지금 바로 움직여야 해요.|오늘 실제 상황에서 능력을 보여줄 기회를 만들어보세요.,시험 꿈은 자신을 표현하는 것 자체가 강점이라는 신호예요.|긴장보다 즐기면서 하면 더 잘할 수 있어요.|ESFP인 당신에게 이 꿈은 지금 가장 중요한 타이밍을 알려주는 특별한 신호예요.|이 순간의 에너지는 오래가지 않아요. 지금 바로 움직여야 해요.|오늘 발표나 표현의 기회가 있다면 즐기면서 해보세요.
추락,행동,통제력 상실·두려움·위기,변화 수용·내려놓음·회복,통제력 상실·실패 공포,⬇️,추락 꿈은 통제하려는 에너지가 너무 강해진 신호예요.|모든 것을 혼자 다 잡으려는 무의식이 지쳐가고 있어요.|하나를 내려놓아도 무너지지 않아요.|이 기회를 흘려보내면 다시 오기까지 시간이 걸려요. 지금 이 신호를 놓치지 마세요.|오늘 가장 집착하고 있는 통제 하나를 의식적으로 내려놓아보세요.,추락 꿈은 분석이 너무 많아져 행동이 막히고 있다는 신호예요.|완벽한 이론을 기다리다 기회를 놓치고 있어요.|불완전한 채로 시작해도 돼요.|이 기회를 흘려보내면 다시 오기까지 시간이 걸려요. 지금 이 신호를 놓치지 마세요.|오늘 80%만 준비된 것을 실행해보세요.,추락 꿈은 속도가 너무 빨라져 기반이 흔들리고 있다는 신호예요.|잠깐 속도를 줄이고 팀의 상태를 확인하세요.|ENTJ인 당신에게 이 꿈은 지금 가장 중요한 타이밍을 알려주는 특별한 신호예요.|이 순간의 에너지는 오래가지 않아요. 지금 바로 움직여야 해요.|오늘 팀원들에게 현재 상태를 물어보는 시간을 가져보세요.,추락 꿈은 아이디어가 너무 많아 실행력이 분산되고 있다는 신호예요.|지금 가장 중요한 하나를 골라야 할 때예요.|ENTP인 당신에게 이 꿈은 지금 가장 중요한 타이밍을 알려주는 특별한 신호예요.|이 순간의 에너지는 오래가지 않아요. 지금 바로 움직여야 해요.|오늘 진행 중인 모든 것을 나열하고 하나만 남겨보세요.,추락 꿈은 이상과 현실의 간격이 너무 커졌다는 신호예요.|지금 당장 완성되지 않아도 괜찮아요.|INFJ인 당신에게 이 꿈은 지금 가장 중요한 타이밍을 알려주는 특별한 신호예요.|이 순간의 에너지는 오래가지 않아요. 지금 바로 움직여야 해요.|오늘 기대치를 조금 낮추고 현재 있는 곳을 인정해보세요.,추락 꿈은 감정적으로 가장 힘든 시점을 지나고 있다는 신호예요.|지금 느끼는 두려움은 실제보다 커보여요.|혼자 버티지 말고 도움을 받아보세요.|이 기회를 흘려보내면 다시 오기까지 시간이 걸려요. 지금 이 신호를 놓치지 마세요.|오늘 믿는 사람에게 솔직하게 힘들다고 말해보세요.,추락 꿈은 너무 많이 짊어지고 있다는 신호예요.|혼자 다 감당하려다 무너지기 전에 나눠야 해요.|ENFJ인 당신에게 이 꿈은 지금 가장 중요한 타이밍을 알려주는 특별한 신호예요.|이 순간의 에너지는 오래가지 않아요. 지금 바로 움직여야 해요.|오늘 짐 하나를 다른 사람과 나눠보세요.,추락 꿈은 열정이 방향 없이 분산되고 있다는 신호예요.|지금 가장 중요한 것 하나에만 집중하세요.|ENFP인 당신에게 이 꿈은 지금 가장 중요한 타이밍을 알려주는 특별한 신호예요.|이 순간의 에너지는 오래가지 않아요. 지금 바로 움직여야 해요.|오늘 모든 계획을 잠시 멈추고 가장 중요한 것만 남겨보세요.,추락 꿈은 변화에 적응하는 것이 생각보다 힘들다는 신호예요.|변화 자체보다 익숙함이 사라지는 것이 두려운 거예요.|ISTJ인 당신에게 이 꿈은 지금 가장 중요한 타이밍을 알려주는 특별한 신호예요.|이 순간의 에너지는 오래가지 않아요. 지금 바로 움직여야 해요.|오늘 작은 변화 하나를 받아들이는 연습을 해보세요.,추락 꿈은 자신을 너무 오래 희생해온 것이 한계에 달했다는 신호예요.|지금 당신이 먼저 안전해야 해요.|ISFJ인 당신에게 이 꿈은 지금 가장 중요한 타이밍을 알려주는 특별한 신호예요.|이 순간의 에너지는 오래가지 않아요. 지금 바로 움직여야 해요.|오늘 자신을 위한 것을 한 가지 해보세요.,추락 꿈은 너무 강하게 밀어붙이다 균열이 생기고 있다는 신호예요.|잠깐 멈추고 기반을 점검하세요.|ESTJ인 당신에게 이 꿈은 지금 가장 중요한 타이밍을 알려주는 특별한 신호예요.|이 순간의 에너지는 오래가지 않아요. 지금 바로 움직여야 해요.|오늘 빠르게 진행 중인 것을 하나 점검하고 조정해보세요.,추락 꿈은 관계에서 균형이 무너지고 있다는 신호예요.|주는 것만큼 받는 것도 중요해요.|ESFJ인 당신에게 이 꿈은 지금 가장 중요한 타이밍을 알려주는 특별한 신호예요.|이 순간의 에너지는 오래가지 않아요. 지금 바로 움직여야 해요.|오늘 자신에게 무언가를 해줄 수 있는 사람에게 도움을 요청해보세요.,추락 꿈은 예상 밖의 변수가 생겼다는 신호예요.|지금 상황을 다시 빠르게 파악하고 대응 방법을 찾으세요.|ISTP인 당신에게 이 꿈은 지금 가장 중요한 타이밍을 알려주는 특별한 신호예요.|이 순간의 에너지는 오래가지 않아요. 지금 바로 움직여야 해요.|오늘 예상치 못한 상황에 대한 플랜 B를 만들어보세요.,추락 꿈은 감정의 무게가 너무 커졌다는 신호예요.|억누르고 있는 감정을 표현하지 않으면 더 무거워져요.|ISFP인 당신에게 이 꿈은 지금 가장 중요한 타이밍을 알려주는 특별한 신호예요.|이 순간의 에너지는 오래가지 않아요. 지금 바로 움직여야 해요.|오늘 감정을 그림이나 글로 표현해보세요.,"추락 꿈은 지나치게 빠른 판단이 실수를 만들고 있다는 신호예요.|이 꿈은 무의식이 보내는 중요한 메시지예요.|ESTP인 당신에게 이 꿈은 특별한 의미를 가져요.|지금 이 순간을 놓치지 마세요.|오늘, 직감이 이끄는 방향으로 한 걸음 나가보세요.","추락 꿈은 지금 이 순간의 즐거움에 너무 집중하다 장기적인 것을 놓치고 있다는 신호예요.|이 꿈은 무의식이 보내는 중요한 메시지예요.|ESFP인 당신에게 이 꿈은 특별한 의미를 가져요.|지금 이 순간을 놓치지 마세요.|오늘, 직감이 이끄는 방향으로 한 걸음 나가보세요."
결혼,관계,헌신·결합·새로운 시작,헌신·안정·성장,의존·두려움·상실,💍,결혼 꿈은 장기적인 헌신을 무의식이 요구하고 있다는 신호예요.|관계에서든 프로젝트에서든 완전한 헌신이 필요한 순간이에요.|INTJ인 당신에게 이 꿈은 지금 가장 중요한 타이밍을 알려주는 특별한 신호예요.|이 순간의 에너지는 오래가지 않아요. 지금 바로 움직여야 해요.|오늘 가장 중요한 헌신 하나를 공식적으로 결정해보세요.,결혼 꿈은 지적 파트너십을 갈망하는 신호예요.|혼자 탐구하는 것도 좋지만 함께할 때 더 멀리 갈 수 있어요.|INTP인 당신에게 이 꿈은 지금 가장 중요한 타이밍을 알려주는 특별한 신호예요.|이 순간의 에너지는 오래가지 않아요. 지금 바로 움직여야 해요.|오늘 아이디어를 나눌 사람과 깊은 대화를 해보세요.,결혼 꿈은 파트너십이 성과를 키운다는 신호예요.|혼자의 힘보다 함께하는 시너지가 지금 더 강력해요.|ENTJ인 당신에게 이 꿈은 지금 가장 중요한 타이밍을 알려주는 특별한 신호예요.|이 순간의 에너지는 오래가지 않아요. 지금 바로 움직여야 해요.|오늘 중요한 협력 관계를 강화해보세요.,결혼 꿈은 자유와 헌신 사이의 균형을 찾을 때라는 신호예요.|자유를 잃는다는 두려움보다 함께 만들어가는 가능성에 집중해보세요.|ENTP인 당신에게 이 꿈은 지금 가장 중요한 타이밍을 알려주는 특별한 신호예요.|이 순간의 에너지는 오래가지 않아요. 지금 바로 움직여야 해요.|오늘 관계에서 새로운 가능성을 하나 상상해보세요.,결혼 꿈은 깊은 연결을 원하는 무의식의 신호예요.|표면적인 관계보다 진심으로 연결되는 한 사람을 소중히 하세요.|INFJ인 당신에게 이 꿈은 지금 가장 중요한 타이밍을 알려주는 특별한 신호예요.|이 순간의 에너지는 오래가지 않아요. 지금 바로 움직여야 해요.|오늘 가장 깊이 연결된 사람에게 마음을 전해보세요.,결혼 꿈은 이상적인 관계를 꿈꾸는 감성이 높아진 신호예요.|완벽한 관계를 기다리기보다 지금 있는 관계에서 아름다움을 찾아보세요.|INFP인 당신에게 이 꿈은 지금 가장 중요한 타이밍을 알려주는 특별한 신호예요.|이 순간의 에너지는 오래가지 않아요. 지금 바로 움직여야 해요.|오늘 가까운 사람의 좋은 점을 말로 표현해보세요.,결혼 꿈은 관계에서 더 깊은 헌신이 필요한 시점이라는 신호예요.|자신도 함께 헌신받고 있는지 확인해보세요.|ENFJ인 당신에게 이 꿈은 지금 가장 중요한 타이밍을 알려주는 특별한 신호예요.|이 순간의 에너지는 오래가지 않아요. 지금 바로 움직여야 해요.|오늘 관계에서 자신이 받고 있는 것을 인식해보세요.,"결혼 꿈은 감정적인 깊이를 더할 때라는 신호예요.|새로운 관계의 설렘도 좋지만, 지금 있는 관계를 깊게 파고들어보세요.|ENFP인 당신에게 이 꿈은 지금 가장 중요한 타이밍을 알려주는 특별한 신호예요.|이 순간의 에너지는 오래가지 않아요. 지금 바로 움직여야 해요.|오늘 소중한 관계에 시간을 온전히 투자해보세요.",결혼 꿈은 신뢰와 안정이 가장 중요한 가치라는 신호예요.|지금 가장 신뢰하는 관계를 더 단단하게 만들어보세요.|ISTJ인 당신에게 이 꿈은 지금 가장 중요한 타이밍을 알려주는 특별한 신호예요.|이 순간의 에너지는 오래가지 않아요. 지금 바로 움직여야 해요.|오늘 약속 하나를 충실히 지켜보세요.,결혼 꿈은 헌신해온 것들이 따뜻하게 돌아오는 시기라는 신호예요.|주기만 하지 말고 받는 것도 편안하게 받아들여보세요.|ISFJ인 당신에게 이 꿈은 지금 가장 중요한 타이밍을 알려주는 특별한 신호예요.|이 순간의 에너지는 오래가지 않아요. 지금 바로 움직여야 해요.|오늘 도움 제안을 흔쾌히 받아들여보세요.,결혼 꿈은 관계에서도 목표와 방향이 중요하다는 신호예요.|함께 가고자 하는 방향이 맞는지 확인하세요.|ESTJ인 당신에게 이 꿈은 지금 가장 중요한 타이밍을 알려주는 특별한 신호예요.|이 순간의 에너지는 오래가지 않아요. 지금 바로 움직여야 해요.|오늘 중요한 관계에서 서로의 방향을 이야기해보세요.,결혼 꿈은 관계를 더 깊이 가꿀 시기라는 신호예요.|화합을 만들어온 당신의 능력이 지금 가장 빛나요.|ESFJ인 당신에게 이 꿈은 지금 가장 중요한 타이밍을 알려주는 특별한 신호예요.|이 순간의 에너지는 오래가지 않아요. 지금 바로 움직여야 해요.|오늘 중요한 관계를 더 따뜻하게 만들어보세요.,결혼 꿈은 독립성과 연결 사이에서 균형을 찾을 때라는 신호예요.|혼자이면서도 함께하는 방식을 찾아보세요.|ISTP인 당신에게 이 꿈은 지금 가장 중요한 타이밍을 알려주는 특별한 신호예요.|이 순간의 에너지는 오래가지 않아요. 지금 바로 움직여야 해요.|오늘 중요한 사람과 나란히 각자의 일을 해보세요.,결혼 꿈은 진정성 있는 연결을 갈망한다는 신호예요.|지금 가장 순수하게 연결되는 관계를 소중히 하세요.|ISFP인 당신에게 이 꿈은 지금 가장 중요한 타이밍을 알려주는 특별한 신호예요.|이 순간의 에너지는 오래가지 않아요. 지금 바로 움직여야 해요.|오늘 그 사람에게 진심을 담은 짧은 메시지를 보내보세요.,결혼 꿈은 즉흥보다 장기적인 관계에 투자할 때라는 신호예요.|지금 중요한 관계에 시간을 의도적으로 써보세요.|ESTP인 당신에게 이 꿈은 지금 가장 중요한 타이밍을 알려주는 특별한 신호예요.|이 순간의 에너지는 오래가지 않아요. 지금 바로 움직여야 해요.|오늘 중요한 사람과 계획된 시간을 만들어보세요.,결혼 꿈은 관계의 기쁨이 정점에 달했다는 신호예요.|지금 소중한 사람들과 함께하는 것이 가장 큰 행복이에요.|ESFP인 당신에게 이 꿈은 지금 가장 중요한 타이밍을 알려주는 특별한 신호예요.|이 순간의 에너지는 오래가지 않아요. 지금 바로 움직여야 해요.|오늘 사랑하는 사람들과 즐거운 시간을 만들어보세요.
학교,상황,성장·배움·과거의 재현,성장·배움·기회,비교·압박·과거 집착,🏫,학교 꿈은 지금 새로운 배움이 필요한 시점이라는 신호예요.|이미 아는 것에 안주하지 말고 더 날카로운 지식을 쌓아야 할 때예요.|INTJ인 당신에게 이 꿈은 지금 가장 중요한 타이밍을 알려주는 특별한 신호예요.|이 순간의 에너지는 오래가지 않아요. 지금 바로 움직여야 해요.|오늘 새로 배우고 싶은 분야를 하나 정해보세요.,학교 꿈은 지적 탐구의 갈증이 커지고 있다는 신호예요.|형식적인 배움보다 진짜 관심 있는 것을 더 깊이 파고들 때예요.|INTP인 당신에게 이 꿈은 지금 가장 중요한 타이밍을 알려주는 특별한 신호예요.|이 순간의 에너지는 오래가지 않아요. 지금 바로 움직여야 해요.|오늘 가장 궁금한 것을 끝까지 파고들어보세요.,학교 꿈은 전문성을 더 키울 시기라는 신호예요.|지금 커리어에서 부족한 부분을 채우는 것이 다음 도약의 열쇠예요.|ENTJ인 당신에게 이 꿈은 지금 가장 중요한 타이밍을 알려주는 특별한 신호예요.|이 순간의 에너지는 오래가지 않아요. 지금 바로 움직여야 해요.|오늘 업스킬링할 영역 하나를 정하고 첫 단계를 시작해보세요.,학교 꿈은 새로운 분야를 탐험할 때라는 신호예요.|지금 관심이 생기는 전혀 다른 영역에 뛰어들어보세요.|ENTP인 당신에게 이 꿈은 지금 가장 중요한 타이밍을 알려주는 특별한 신호예요.|이 순간의 에너지는 오래가지 않아요. 지금 바로 움직여야 해요.|오늘 완전히 새로운 주제의 강의나 영상을 찾아보세요.,"학교 꿈은 과거의 패턴을 다시 들여다볼 때라는 신호예요.|반복되는 것들이 있다면, 무의식이 뭔가를 알려주려는 거예요.|INFJ인 당신에게 이 꿈은 지금 가장 중요한 타이밍을 알려주는 특별한 신호예요.|이 순간의 에너지는 오래가지 않아요. 지금 바로 움직여야 해요.|오늘 반복되는 상황에서 공통점을 찾아보세요.",학교 꿈은 비교나 평가에 지쳐있다는 신호예요.|남과 비교하지 말고 어제의 나와 비교해보세요.|INFP인 당신에게 이 꿈은 지금 가장 중요한 타이밍을 알려주는 특별한 신호예요.|이 순간의 에너지는 오래가지 않아요. 지금 바로 움직여야 해요.|오늘 자신의 성장을 한 가지 찾아보세요.,학교 꿈은 가르치고 이끄는 역할이 더 강해지는 신호예요.|지금 당신이 나눌 수 있는 지식이나 경험이 있어요.|ENFJ인 당신에게 이 꿈은 지금 가장 중요한 타이밍을 알려주는 특별한 신호예요.|이 순간의 에너지는 오래가지 않아요. 지금 바로 움직여야 해요.|오늘 누군가에게 아는 것을 나눠보세요.,학교 꿈은 다양한 것을 배우고 싶은 욕구가 넘치는 신호예요.|지금 가장 설레는 배움을 시작해보세요.|ENFP인 당신에게 이 꿈은 지금 가장 중요한 타이밍을 알려주는 특별한 신호예요.|이 순간의 에너지는 오래가지 않아요. 지금 바로 움직여야 해요.|오늘 관심 있는 클래스나 워크숍을 등록해보세요.,학교 꿈은 기본기를 다시 다질 때라는 신호예요.|화려한 것보다 탄탄한 기초가 지금 가장 중요해요.|ISTJ인 당신에게 이 꿈은 지금 가장 중요한 타이밍을 알려주는 특별한 신호예요.|이 순간의 에너지는 오래가지 않아요. 지금 바로 움직여야 해요.|오늘 기본 루틴 하나를 다시 정립해보세요.,학교 꿈은 자신의 성장을 다시 확인할 때라는 신호예요.|남과 비교하지 말고 자신이 얼마나 성장했는지를 보세요.|ISFJ인 당신에게 이 꿈은 지금 가장 중요한 타이밍을 알려주는 특별한 신호예요.|이 순간의 에너지는 오래가지 않아요. 지금 바로 움직여야 해요.|오늘 1년 전 자신과 지금 자신을 비교해보세요.,학교 꿈은 체계적인 학습이 성과를 키운다는 신호예요.|지금 필요한 전문 지식을 계획적으로 쌓아보세요.|ESTJ인 당신에게 이 꿈은 지금 가장 중요한 타이밍을 알려주는 특별한 신호예요.|이 순간의 에너지는 오래가지 않아요. 지금 바로 움직여야 해요.|오늘 학습 계획을 구체적으로 세워보세요.,학교 꿈은 관계 속에서 배움이 이루어진다는 신호예요.|함께 배우고 성장하는 관계가 지금 가장 풍요로워요.|ESFJ인 당신에게 이 꿈은 지금 가장 중요한 타이밍을 알려주는 특별한 신호예요.|이 순간의 에너지는 오래가지 않아요. 지금 바로 움직여야 해요.|오늘 공부 또는 배움을 함께할 사람을 찾아보세요.,학교 꿈은 실용적인 기술을 배울 때라는 신호예요.|이론보다 바로 적용할 수 있는 것을 배우세요.|ISTP인 당신에게 이 꿈은 지금 가장 중요한 타이밍을 알려주는 특별한 신호예요.|이 순간의 에너지는 오래가지 않아요. 지금 바로 움직여야 해요.|오늘 실용적인 스킬 하나를 익히는 연습을 해보세요.,학교 꿈은 자신만의 방식으로 배울 때라는 신호예요.|틀에 맞춘 배움보다 자신에게 맞는 방식을 찾아보세요.|ISFP인 당신에게 이 꿈은 지금 가장 중요한 타이밍을 알려주는 특별한 신호예요.|이 순간의 에너지는 오래가지 않아요. 지금 바로 움직여야 해요.|오늘 배우는 방식을 바꿔서 시도해보세요.,학교 꿈은 실전 경험이 최고의 교사라는 신호예요.|이론 대신 직접 해보는 것이 지금 가장 빠른 배움이에요.|ESTP인 당신에게 이 꿈은 지금 가장 중요한 타이밍을 알려주는 특별한 신호예요.|이 순간의 에너지는 오래가지 않아요. 지금 바로 움직여야 해요.|오늘 배우고 싶은 것을 직접 해보는 것으로 시작해보세요.,학교 꿈은 즐기면서 배우는 것이 가장 효과적이라는 신호예요.|재미있게 배울 방법을 찾아보세요.|ESFP인 당신에게 이 꿈은 지금 가장 중요한 타이밍을 알려주는 특별한 신호예요.|이 순간의 에너지는 오래가지 않아요. 지금 바로 움직여야 해요.|오늘 배움을 게임이나 경험으로 바꿔보세요.
집,장소,안전·자아·내면의 공간,안정·보호·내면 평화,고립·변화 거부·과거 집착,🏠,집 꿈은 내면의 기반을 점검할 때라는 신호예요.|외부 전략보다 내면의 안정이 먼저예요.|INTJ인 당신에게 이 꿈은 지금 가장 중요한 타이밍을 알려주는 특별한 신호예요.|이 순간의 에너지는 오래가지 않아요. 지금 바로 움직여야 해요.|오늘 자신의 정신적 기반을 단단히 다질 활동을 해보세요.,집 꿈은 생각의 내적 세계를 정리할 때라는 신호예요.|너무 많은 정보가 쌓여있어요.|INTP인 당신에게 이 꿈은 지금 가장 중요한 타이밍을 알려주는 특별한 신호예요.|이 순간의 에너지는 오래가지 않아요. 지금 바로 움직여야 해요.|오늘 머릿속을 정리하는 시간을 가져보세요.,집 꿈은 내면의 지지기반을 확인할 때라는 신호예요.|외부 성과만큼이나 내면의 안정이 중요해요.|ENTJ인 당신에게 이 꿈은 지금 가장 중요한 타이밍을 알려주는 특별한 신호예요.|이 순간의 에너지는 오래가지 않아요. 지금 바로 움직여야 해요.|오늘 자신에게 진정한 안정감을 주는 것이 무엇인지 생각해보세요.,집 꿈은 집이라는 익숙함에서 벗어날 준비를 할 때라는 신호예요.|안전지대 밖으로 나갈 때가 됐어요.|ENTP인 당신에게 이 꿈은 지금 가장 중요한 타이밍을 알려주는 특별한 신호예요.|이 순간의 에너지는 오래가지 않아요. 지금 바로 움직여야 해요.|오늘 새로운 환경에서 뭔가를 시도해보세요.,집 꿈은 내면의 평화가 가장 필요한 시점이라는 신호예요.|외부의 소음을 줄이고 혼자만의 공간을 만드세요.|INFJ인 당신에게 이 꿈은 지금 가장 중요한 타이밍을 알려주는 특별한 신호예요.|이 순간의 에너지는 오래가지 않아요. 지금 바로 움직여야 해요.|오늘 완전히 혼자만의 조용한 시간을 1시간 만들어보세요.,집 꿈은 자신만의 내면 세계를 가꿀 때라는 신호예요.|외부의 기준보다 자신이 편안한 것을 우선하세요.|INFP인 당신에게 이 꿈은 지금 가장 중요한 타이밍을 알려주는 특별한 신호예요.|이 순간의 에너지는 오래가지 않아요. 지금 바로 움직여야 해요.|오늘 자신의 공간을 더 자신답게 꾸며보세요.,집 꿈은 사람들에게 쉬어갈 공간을 제공하는 역할이 강해지는 신호예요.|단 자신도 충전이 필요해요.|ENFJ인 당신에게 이 꿈은 지금 가장 중요한 타이밍을 알려주는 특별한 신호예요.|이 순간의 에너지는 오래가지 않아요. 지금 바로 움직여야 해요.|오늘 집에서 아무것도 안 하는 시간을 가져보세요.,집 꿈은 잠시 안정이 필요하다는 신호예요.|에너지를 재충전하는 시간이 없으면 오래 달릴 수 없어요.|ENFP인 당신에게 이 꿈은 지금 가장 중요한 타이밍을 알려주는 특별한 신호예요.|이 순간의 에너지는 오래가지 않아요. 지금 바로 움직여야 해요.|오늘 집에서 편안하게 쉬어보세요.,집 꿈은 안정적인 루틴이 지금 가장 강력한 힘이라는 신호예요.|익숙한 환경과 습관이 성과를 만들어요.|ISTJ인 당신에게 이 꿈은 지금 가장 중요한 타이밍을 알려주는 특별한 신호예요.|이 순간의 에너지는 오래가지 않아요. 지금 바로 움직여야 해요.|오늘 루틴을 더 정교하게 다듬어보세요.,집 꿈은 자신의 공간과 사람들을 보호하고자 하는 마음이 강해지는 신호예요.|지키려는 것들이 소중하다는 것을 알고 있어요.|ISFJ인 당신에게 이 꿈은 지금 가장 중요한 타이밍을 알려주는 특별한 신호예요.|이 순간의 에너지는 오래가지 않아요. 지금 바로 움직여야 해요.|오늘 가장 소중한 것을 다시 한번 확인해보세요.,집 꿈은 원칙이 있는 안정된 기반이 필요하다는 신호예요.|규칙과 질서가 있는 환경이 당신에게 힘을 줘요.|ESTJ인 당신에게 이 꿈은 지금 가장 중요한 타이밍을 알려주는 특별한 신호예요.|이 순간의 에너지는 오래가지 않아요. 지금 바로 움직여야 해요.|오늘 공간 정리를 해보세요.,"집 꿈은 사람들이 편안하게 머물 수 있는 공간을 만드는 것이 당신의 역할이라는 신호예요.|이 꿈은 무의식이 보내는 중요한 메시지예요.|ESFJ인 당신에게 이 꿈은 특별한 의미를 가져요.|지금 이 순간을 놓치지 마세요.|오늘, 직감이 이끄는 방향으로 한 걸음 나가보세요.",집 꿈은 자신만의 작업공간이 필요하다는 신호예요.|집중해서 무언가를 만들 수 있는 환경을 만들어보세요.|ISTP인 당신에게 이 꿈은 지금 가장 중요한 타이밍을 알려주는 특별한 신호예요.|이 순간의 에너지는 오래가지 않아요. 지금 바로 움직여야 해요.|오늘 작업 공간을 정돈하고 집중 시간을 가져보세요.,집 꿈은 자신을 표현하는 공간을 가꿀 때라는 신호예요.|내면의 감성이 머무는 공간이 중요해요.|ISFP인 당신에게 이 꿈은 지금 가장 중요한 타이밍을 알려주는 특별한 신호예요.|이 순간의 에너지는 오래가지 않아요. 지금 바로 움직여야 해요.|오늘 자신이 아름답다고 느끼는 것으로 공간을 채워보세요.,집 꿈은 잠시 멈추고 재충전할 때라는 신호예요.|계속 외부에서 달리기만 하면 지쳐요.|ESTP인 당신에게 이 꿈은 지금 가장 중요한 타이밍을 알려주는 특별한 신호예요.|이 순간의 에너지는 오래가지 않아요. 지금 바로 움직여야 해요.|오늘은 집에서 조용히 에너지를 채워보세요.,"집 꿈은 사랑하는 사람들과 함께하는 공간이 행복의 원천이라는 신호예요.|이 꿈은 무의식이 보내는 중요한 메시지예요.|ESFP인 당신에게 이 꿈은 특별한 의미를 가져요.|지금 이 순간을 놓치지 마세요.|오늘, 직감이 이끄는 방향으로 한 걸음 나가보세요."
길,장소,방향·선택·삶의 여정,방향성·진보·새 출발,방황·결정 회피·불확실,🛤️,길 꿈은 전략적으로 방향을 재설정할 때라는 신호예요.|지금 가고 있는 방향이 맞는지 냉정하게 점검하세요.|INTJ인 당신에게 이 꿈은 지금 가장 중요한 타이밍을 알려주는 특별한 신호예요.|이 순간의 에너지는 오래가지 않아요. 지금 바로 움직여야 해요.|오늘 현재 방향이 최종 목표와 일치하는지 확인해보세요.,길 꿈은 여러 가능성을 탐색 중이라는 신호예요.|모든 길을 분석하다 아무 길도 못 가고 있지 않나요?|INTP인 당신에게 이 꿈은 지금 가장 중요한 타이밍을 알려주는 특별한 신호예요.|이 순간의 에너지는 오래가지 않아요. 지금 바로 움직여야 해요.|오늘 하나를 골라 걸어보세요.,길 꿈은 명확한 방향을 제시할 때라는 신호예요.|흔들리지 말고 선택한 길을 밀어붙이세요.|ENTJ인 당신에게 이 꿈은 지금 가장 중요한 타이밍을 알려주는 특별한 신호예요.|이 순간의 에너지는 오래가지 않아요. 지금 바로 움직여야 해요.|오늘 중요한 방향 결정을 내려보세요.,길 꿈은 새로운 길을 개척할 때라는 신호예요.|정해진 길보다 아무도 가지 않은 방향이 당신에게 맞아요.|ENTP인 당신에게 이 꿈은 지금 가장 중요한 타이밍을 알려주는 특별한 신호예요.|이 순간의 에너지는 오래가지 않아요. 지금 바로 움직여야 해요.|오늘 기존과 다른 방식을 시도해보세요.,길 꿈은 직관이 가리키는 방향을 믿을 때라는 신호예요.|논리보다 감각이 먼저 답을 알고 있어요.|INFJ인 당신에게 이 꿈은 지금 가장 중요한 타이밍을 알려주는 특별한 신호예요.|이 순간의 에너지는 오래가지 않아요. 지금 바로 움직여야 해요.|오늘 직감이 이끄는 방향으로 한 걸음 가보세요.,길 꿈은 자신만의 길을 걸을 용기가 필요한 시점이라는 신호예요.|남의 길이 아닌 자신의 길을 찾는 것이 지금 가장 중요해요.|INFP인 당신에게 이 꿈은 지금 가장 중요한 타이밍을 알려주는 특별한 신호예요.|이 순간의 에너지는 오래가지 않아요. 지금 바로 움직여야 해요.|오늘 자신이 원하는 방향을 솔직하게 써보세요.,길 꿈은 사람들을 이끌 방향이 명확해지는 신호예요.|함께 걸어갈 사람들과 방향을 공유하세요.|ENFJ인 당신에게 이 꿈은 지금 가장 중요한 타이밍을 알려주는 특별한 신호예요.|이 순간의 에너지는 오래가지 않아요. 지금 바로 움직여야 해요.|오늘 중요한 사람들에게 앞으로의 방향을 이야기해보세요.,길 꿈은 가능성이 많아 방향이 흩어지고 있다는 신호예요.|지금 가장 가슴이 뛰는 방향 하나를 선택하세요.|ENFP인 당신에게 이 꿈은 지금 가장 중요한 타이밍을 알려주는 특별한 신호예요.|이 순간의 에너지는 오래가지 않아요. 지금 바로 움직여야 해요.|오늘 그 방향으로 첫 발을 내딛어보세요.,길 꿈은 검증된 길을 따르는 것이 지금 가장 안전하다는 신호예요.|새로운 것보다 이미 효과를 본 방법을 신뢰하세요.|ISTJ인 당신에게 이 꿈은 지금 가장 중요한 타이밍을 알려주는 특별한 신호예요.|이 순간의 에너지는 오래가지 않아요. 지금 바로 움직여야 해요.|오늘 검증된 방식으로 하나를 실행해보세요.,길 꿈은 소중한 사람들과 함께하는 길이 가장 의미 있다는 신호예요.|혼자 걷기보다 함께 걷는 길을 선택하세요.|ISFJ인 당신에게 이 꿈은 지금 가장 중요한 타이밍을 알려주는 특별한 신호예요.|이 순간의 에너지는 오래가지 않아요. 지금 바로 움직여야 해요.|오늘 중요한 사람과 같은 방향으로 걸어보세요.,길 꿈은 체계적인 경로로 목표를 향할 때라는 신호예요.|단계별 계획이 있으면 어떤 길이든 갈 수 있어요.|ESTJ인 당신에게 이 꿈은 지금 가장 중요한 타이밍을 알려주는 특별한 신호예요.|이 순간의 에너지는 오래가지 않아요. 지금 바로 움직여야 해요.|오늘 목표까지의 경로를 단계별로 정리해보세요.,길 꿈은 관계가 길의 방향을 만든다는 신호예요.|사람들과 연결된 길이 당신에게 가장 풍요로운 여정이에요.|ESFJ인 당신에게 이 꿈은 지금 가장 중요한 타이밍을 알려주는 특별한 신호예요.|이 순간의 에너지는 오래가지 않아요. 지금 바로 움직여야 해요.|오늘 중요한 관계에서 함께하는 방향을 이야기해보세요.,길 꿈은 최단 경로를 찾을 때라는 신호예요.|비효율적인 방법은 과감히 버리세요.|ISTP인 당신에게 이 꿈은 지금 가장 중요한 타이밍을 알려주는 특별한 신호예요.|이 순간의 에너지는 오래가지 않아요. 지금 바로 움직여야 해요.|오늘 목표까지 가장 빠른 방법을 찾아보세요.,길 꿈은 자신만의 속도로 걷는 것이 맞다는 신호예요.|남의 속도에 맞추지 않아도 돼요.|ISFP인 당신에게 이 꿈은 지금 가장 중요한 타이밍을 알려주는 특별한 신호예요.|이 순간의 에너지는 오래가지 않아요. 지금 바로 움직여야 해요.|오늘 자신의 속도로 하루를 걸어보세요.,길 꿈은 지금 바로 움직일 때라는 신호예요.|어떤 길인지 완전히 몰라도 일단 걸어가면 길이 보여요.|ESTP인 당신에게 이 꿈은 지금 가장 중요한 타이밍을 알려주는 특별한 신호예요.|이 순간의 에너지는 오래가지 않아요. 지금 바로 움직여야 해요.|오늘 생각만 하고 있던 것을 바로 시작해보세요.,길 꿈은 여정 자체가 목적지라는 신호예요.|지금 걷고 있는 이 순간을 즐겨보세요.|ESFP인 당신에게 이 꿈은 지금 가장 중요한 타이밍을 알려주는 특별한 신호예요.|이 순간의 에너지는 오래가지 않아요. 지금 바로 움직여야 해요.|오늘 목적지 없이 산책을 해보세요.
동물,동물,본능·야성·내면의 힘,생명력·직관·본능,충동·억압·갈등,🐾,동물 꿈은 본능적 직관이 분석보다 먼저 신호를 보내고 있다는 의미예요.|지금 논리를 잠깐 내려놓고 직감을 따라보세요.|INTJ인 당신에게 이 꿈은 지금 가장 중요한 타이밍을 알려주는 특별한 신호예요.|이 순간의 에너지는 오래가지 않아요. 지금 바로 움직여야 해요.|오늘 느낌으로 결정해야 할 것 하나에 직감을 믿어보세요.,동물 꿈은 이성적 사고 뒤에 숨겨진 본능적 욕구가 있다는 신호예요.|분석을 잠시 멈추고 몸이 원하는 것에 귀 기울여보세요.|INTP인 당신에게 이 꿈은 지금 가장 중요한 타이밍을 알려주는 특별한 신호예요.|이 순간의 에너지는 오래가지 않아요. 지금 바로 움직여야 해요.|오늘 충분히 쉬어보세요.,동물 꿈은 강한 추진력이 넘치는 시기라는 신호예요.|지금 이 에너지를 가장 중요한 목표에 집중하세요.|ENTJ인 당신에게 이 꿈은 지금 가장 중요한 타이밍을 알려주는 특별한 신호예요.|이 순간의 에너지는 오래가지 않아요. 지금 바로 움직여야 해요.|오늘 가장 큰 목표를 향해 강하게 밀어붙여보세요.,동물 꿈은 새로운 아이디어가 본능적으로 떠오르는 시기라는 신호예요.|걸러내지 말고 날 것 그대로 적어보세요.|ENTP인 당신에게 이 꿈은 지금 가장 중요한 타이밍을 알려주는 특별한 신호예요.|이 순간의 에너지는 오래가지 않아요. 지금 바로 움직여야 해요.|오늘 아이디어를 검열 없이 10개 써보세요.,동물 꿈은 무의식 깊숙한 곳에서 중요한 메시지가 올라오고 있다는 신호예요.|서두르지 말고 조용히 귀 기울여보세요.|INFJ인 당신에게 이 꿈은 지금 가장 중요한 타이밍을 알려주는 특별한 신호예요.|이 순간의 에너지는 오래가지 않아요. 지금 바로 움직여야 해요.|오늘 명상이나 조용한 사색 시간을 가져보세요.,동물 꿈은 억눌린 본능적 감정이 표면으로 나오려 한다는 신호예요.|감정을 가두지 말고 표현해보세요.|INFP인 당신에게 이 꿈은 지금 가장 중요한 타이밍을 알려주는 특별한 신호예요.|이 순간의 에너지는 오래가지 않아요. 지금 바로 움직여야 해요.|오늘 감정을 자유롭게 표현하는 창작을 해보세요.,동물 꿈은 사람들을 이끄는 본능적 에너지가 활성화되는 신호예요.|지금 당신의 에너지가 주변을 이끌 수 있어요.|ENFJ인 당신에게 이 꿈은 지금 가장 중요한 타이밍을 알려주는 특별한 신호예요.|이 순간의 에너지는 오래가지 않아요. 지금 바로 움직여야 해요.|오늘 영감을 주는 말이나 행동을 해보세요.,동물 꿈은 자유롭고 야성적인 에너지가 폭발하는 신호예요.|지금 이 에너지를 그대로 표현하세요.|ENFP인 당신에게 이 꿈은 지금 가장 중요한 타이밍을 알려주는 특별한 신호예요.|이 순간의 에너지는 오래가지 않아요. 지금 바로 움직여야 해요.|오늘 자유롭게 몸을 움직이거나 창작해보세요.,동물 꿈은 본능적인 경고 신호일 수 있어요.|평소 무시해온 감각이 뭔가를 알려주고 있어요.|ISTJ인 당신에게 이 꿈은 지금 가장 중요한 타이밍을 알려주는 특별한 신호예요.|이 순간의 에너지는 오래가지 않아요. 지금 바로 움직여야 해요.|오늘 오랫동안 무시해온 신체 신호나 감각에 주의를 기울여보세요.,동물 꿈은 보호 본능이 강해지는 시기라는 신호예요.|소중한 것들을 지키려는 마음이 강해지고 있어요.|ISFJ인 당신에게 이 꿈은 지금 가장 중요한 타이밍을 알려주는 특별한 신호예요.|이 순간의 에너지는 오래가지 않아요. 지금 바로 움직여야 해요.|오늘 가장 보호하고 싶은 것을 다시 한번 확인해보세요.,동물 꿈은 강력한 실행 에너지가 가득한 시기라는 신호예요.|지금 이 에너지를 체계적으로 활용하면 놀라운 성과가 나와요.|ESTJ인 당신에게 이 꿈은 지금 가장 중요한 타이밍을 알려주는 특별한 신호예요.|이 순간의 에너지는 오래가지 않아요. 지금 바로 움직여야 해요.|오늘 에너지를 가장 중요한 일에 쏟아보세요.,동물 꿈은 관계에서의 본능적 감각이 작동하는 신호예요.|뭔가 이상하다는 느낌이 드는 관계가 있다면 그 감각을 믿어보세요.|ESFJ인 당신에게 이 꿈은 지금 가장 중요한 타이밍을 알려주는 특별한 신호예요.|이 순간의 에너지는 오래가지 않아요. 지금 바로 움직여야 해요.|오늘 관계에서 느껴지는 것을 솔직하게 점검해보세요.,동물 꿈은 몸과 감각이 최고로 활성화된 시기라는 신호예요.|머리보다 몸을 먼저 써보세요.|ISTP인 당신에게 이 꿈은 지금 가장 중요한 타이밍을 알려주는 특별한 신호예요.|이 순간의 에너지는 오래가지 않아요. 지금 바로 움직여야 해요.|오늘 신체 활동이나 손으로 직접 만드는 것을 해보세요.,동물 꿈은 자연과 본능에 가까워지고 싶은 감성이 강해지는 신호예요.|자연 속에서 충전할 때예요.|ISFP인 당신에게 이 꿈은 지금 가장 중요한 타이밍을 알려주는 특별한 신호예요.|이 순간의 에너지는 오래가지 않아요. 지금 바로 움직여야 해요.|오늘 자연과 가까운 공간에서 시간을 보내보세요.,동물 꿈은 행동 본능이 최고조에 달한 시기라는 신호예요.|지금 이 에너지로 즉각 뛰어들어보세요.|ESTP인 당신에게 이 꿈은 지금 가장 중요한 타이밍을 알려주는 특별한 신호예요.|이 순간의 에너지는 오래가지 않아요. 지금 바로 움직여야 해요.|오늘 가장 흥미로운 것에 바로 뛰어들어보세요.,동물 꿈은 생명력과 기쁨이 넘치는 시기라는 신호예요.|지금 이 에너지를 신나는 것에 쏟아보세요.|ESFP인 당신에게 이 꿈은 지금 가장 중요한 타이밍을 알려주는 특별한 신호예요.|이 순간의 에너지는 오래가지 않아요. 지금 바로 움직여야 해요.|오늘 가장 활기차게 즐길 수 있는 것을 해보세요.
바다,자연,무의식·감정의 깊이·무한,치유·풍요·자유,감당 불가·두려움·익사,🌊,바다 꿈은 무의식 깊은 곳에 전략적으로 처리되지 않은 감정이 있다는 신호예요.|분석을 잠시 멈추고 그 감정을 인정해보세요.|INTJ인 당신에게 이 꿈은 지금 가장 중요한 타이밍을 알려주는 특별한 신호예요.|이 순간의 에너지는 오래가지 않아요. 지금 바로 움직여야 해요.|오늘 혼자만의 시간에 감정 일기를 써보세요.,바다 꿈은 광대한 탐구 욕구가 폭발하는 신호예요.|지금 가장 궁금한 것의 가장 깊은 곳까지 파고들어보세요.|INTP인 당신에게 이 꿈은 지금 가장 중요한 타이밍을 알려주는 특별한 신호예요.|이 순간의 에너지는 오래가지 않아요. 지금 바로 움직여야 해요.|오늘 하나의 주제를 끝까지 탐구해보세요.,"바다 꿈은 더 큰 무대, 더 넓은 시야가 필요하다는 신호예요.|지금의 범위를 넘어서는 큰 그림을 그려보세요.|ENTJ인 당신에게 이 꿈은 지금 가장 중요한 타이밍을 알려주는 특별한 신호예요.|이 순간의 에너지는 오래가지 않아요. 지금 바로 움직여야 해요.|오늘 한 단계 더 큰 목표를 설정해보세요.",바다 꿈은 무한한 아이디어의 바다에 빠져있다는 신호예요.|방향 없이 흘러다니는 것을 멈추고 닻을 내릴 때예요.|ENTP인 당신에게 이 꿈은 지금 가장 중요한 타이밍을 알려주는 특별한 신호예요.|이 순간의 에너지는 오래가지 않아요. 지금 바로 움직여야 해요.|오늘 가장 중요한 하나에 닻을 내려보세요.,바다 꿈은 직관과 감정이 가장 깊이 작동하는 신호예요.|지금 느끼는 것들이 매우 중요한 메시지를 담고 있어요.|INFJ인 당신에게 이 꿈은 지금 가장 중요한 타이밍을 알려주는 특별한 신호예요.|이 순간의 에너지는 오래가지 않아요. 지금 바로 움직여야 해요.|오늘 내면의 소리를 조용히 들어보세요.,바다 꿈은 감정의 바다가 너무 깊어지고 있다는 신호예요.|감정에 빠져들기보다 흘려보내는 것이 필요해요.|INFP인 당신에게 이 꿈은 지금 가장 중요한 타이밍을 알려주는 특별한 신호예요.|이 순간의 에너지는 오래가지 않아요. 지금 바로 움직여야 해요.|오늘 감정을 글로 써서 내보내보세요.,바다 꿈은 사람들의 감정을 감당하는 것이 힘겨워지고 있다는 신호예요.|자신의 감정 바다도 돌봐야 해요.|ENFJ인 당신에게 이 꿈은 지금 가장 중요한 타이밍을 알려주는 특별한 신호예요.|이 순간의 에너지는 오래가지 않아요. 지금 바로 움직여야 해요.|오늘 혼자만의 충전 시간을 만들어보세요.,바다 꿈은 자유롭고 무한한 가능성이 열려있다는 신호예요.|지금 가장 설레는 방향으로 뛰어들어보세요.|ENFP인 당신에게 이 꿈은 지금 가장 중요한 타이밍을 알려주는 특별한 신호예요.|이 순간의 에너지는 오래가지 않아요. 지금 바로 움직여야 해요.|오늘 아무 계획 없이 자유롭게 흘러가는 시간을 가져보세요.,바다 꿈은 통제할 수 없는 변화에 대한 불안이 있다는 신호예요.|모든 것을 통제할 수 없어도 괜찮아요.|ISTJ인 당신에게 이 꿈은 지금 가장 중요한 타이밍을 알려주는 특별한 신호예요.|이 순간의 에너지는 오래가지 않아요. 지금 바로 움직여야 해요.|오늘 한 가지 통제를 내려놓는 연습을 해보세요.,바다 꿈은 감정적으로 깊이 충전이 필요한 시기라는 신호예요.|바다처럼 조용히 충전하는 시간이 필요해요.|ISFJ인 당신에게 이 꿈은 지금 가장 중요한 타이밍을 알려주는 특별한 신호예요.|이 순간의 에너지는 오래가지 않아요. 지금 바로 움직여야 해요.|오늘 아무것도 하지 않고 쉬어보세요.,바다 꿈은 체계로는 통제할 수 없는 것들을 인정할 때라는 신호예요.|흐름에 맡기는 것도 전략이에요.|ESTJ인 당신에게 이 꿈은 지금 가장 중요한 타이밍을 알려주는 특별한 신호예요.|이 순간의 에너지는 오래가지 않아요. 지금 바로 움직여야 해요.|오늘 예정에 없던 것을 그냥 받아들여보세요.,바다 꿈은 관계의 감정이 넘치고 있다는 신호예요.|지금 가장 감정적으로 힘든 관계에 솔직하게 이야기해보세요.|ESFJ인 당신에게 이 꿈은 지금 가장 중요한 타이밍을 알려주는 특별한 신호예요.|이 순간의 에너지는 오래가지 않아요. 지금 바로 움직여야 해요.|오늘 감정을 표현하는 대화를 해보세요.,바다 꿈은 깊이 있는 탐구가 필요한 시기라는 신호예요.|표면이 아닌 원인을 파고들어보세요.|ISTP인 당신에게 이 꿈은 지금 가장 중요한 타이밍을 알려주는 특별한 신호예요.|이 순간의 에너지는 오래가지 않아요. 지금 바로 움직여야 해요.|오늘 문제의 근본 원인을 찾아보세요.,바다 꿈은 감성이 가장 풍부해지는 시기라는 신호예요.|지금 느끼는 모든 것을 예술로 표현해보세요.|ISFP인 당신에게 이 꿈은 지금 가장 중요한 타이밍을 알려주는 특별한 신호예요.|이 순간의 에너지는 오래가지 않아요. 지금 바로 움직여야 해요.|오늘 자연 속에서 감성적인 창작을 해보세요.,바다 꿈은 도전과 스릴이 필요한 시기라는 신호예요.|지금 가장 짜릿한 경험을 해보세요.|ESTP인 당신에게 이 꿈은 지금 가장 중요한 타이밍을 알려주는 특별한 신호예요.|이 순간의 에너지는 오래가지 않아요. 지금 바로 움직여야 해요.|오늘 새로운 신체적 도전이나 모험을 계획해보세요.,바다 꿈은 자유와 기쁨이 넘치는 시기라는 신호예요.|지금 가장 즐거운 것과 함께하세요.|ESFP인 당신에게 이 꿈은 지금 가장 중요한 타이밍을 알려주는 특별한 신호예요.|이 순간의 에너지는 오래가지 않아요. 지금 바로 움직여야 해요.|오늘 물가에 가거나 시원한 경험을 해보세요.
