id,mode,sentence
1,daily,오늘 이곳 서재에서 잠시 머무셨던 시간이 당신의 하루에 작은 나침반이 되었기를 바랍니다. 당신의 발걸음이 닿는 곳마다 평온함이 함께하기를 조용히 응원하겠습니다.
2,daily,무수한 기록들 속에서 오늘의 문장을 고르고 당신에게 건넬 수 있어 감사한 시간이었습니다. 문을 열고 나서는 당신의 오늘 하루가 조금 더 다정하고 따뜻하기를 진심으로 바랍니다.
3,daily,"마음이 복잡하거나 잠시 삶의 결을 가다듬고 싶을 때, 이곳의 서가는 언제나 같은 자리에서 조용히 불을 밝히고 있겠습니다. 오늘 하루도 당신만의 속도로 묵묵히 빛나시기 바랍니다."
4,daily,"오늘 서가에서 나누었던 짧은 지혜의 조각들이 당신이 걷는 길에 작은 온기가 되어주기를 바랍니다. 당신이 마주할 매 순간의 선택을 신뢰하며, 오늘의 배웅을 전합니다."
5,daily,오늘 이 한 편의 글을 함께 읽어내려 가주셔서 감사합니다. 당신이 오늘 하루를 온전히 당신답게 보내시기를 조용히 바라겠습니다.
6,daily,"서가의 문은 언제나 열려 있습니다. 오늘의 흐름이 당신에게 작은 힘이 되었기를 바라며, 조심히 돌아가시기 바랍니다."
7,daily,짧은 시간이었지만 오늘의 흐름을 함께 살펴볼 수 있어 감사했습니다. 당신의 하루 마지막이 처음보다 조금 더 가볍기를 바랍니다.
8,daily,오늘의 이 작은 서재가 당신의 하루에 잠깐의 쉼표가 되었기를 바랍니다. 돌아가시는 길도 평온하시기를 조용히 응원합니다.
9,daily,오늘 이곳에서 함께 한 시간이 당신의 발걸음을 조금 더 단단하게 만들어 주었기를 바랍니다. 당신의 오늘이 충분히 의미 있기를 진심으로 바랍니다.
10,daily,"오늘 이 서가에서 당신에게 건넨 문장들이 작은 씨앗이 되어, 언젠가 당신의 하루 어딘가에서 조용히 꽃피기를 바랍니다."
11,weekly,이번 한 주를 함께 내다볼 수 있어 감사한 시간이었습니다. 이곳의 서가는 다음 주에도 같은 자리에서 조용히 당신을 기다리고 있겠습니다.
12,weekly,한 주의 흐름을 함께 살펴보았습니다. 이 작은 지혜의 조각들이 당신의 이번 주 발걸음에 작은 빛이 되어주기를 바랍니다.
13,weekly,이번 주도 당신만의 속도로 나아가시기 바랍니다. 길이 흔들릴 때 이곳 서가의 문은 언제나 열려 있겠습니다.
14,weekly,한 주의 방향을 함께 정리해 드릴 수 있어 감사했습니다. 당신의 이번 주가 오늘 이 글보다 훨씬 더 풍요롭기를 진심으로 바랍니다.
15,weekly,이번 주를 담담하게 걸어가시기 바랍니다. 무수한 기록들 중에서 이 글이 당신의 한 주에 작은 나침반이 되었기를 바라며 배웅합니다.
16,weekly,이번 한 주의 흐름을 함께 살펴볼 수 있어 감사했습니다. 서가는 언제나 같은 자리에서 조용히 불을 밝히고 있겠습니다.
17,weekly,"당신의 이번 주가 오늘 여기서 나눈 지혜보다 더 빛나기를 바랍니다. 조심히 돌아가시고, 좋은 한 주 되시기를 진심으로 응원합니다."
18,monthly,이달의 큰 흐름을 함께 살펴볼 수 있어 감사했습니다. 이곳의 서가는 다음 달에도 같은 자리에서 조용히 불을 밝히고 있겠습니다.
19,monthly,한 달의 흐름을 도서관 색인처럼 정리해 드릴 수 있어 감사한 시간이었습니다. 이달의 당신이 스스로를 충분히 신뢰하며 나아가시기를 바랍니다.
20,monthly,이달의 지혜 조각들이 당신의 매일매일에 작은 온기가 되어주기를 바랍니다. 한 달을 당신만의 속도로 묵묵히 빛나시기 바랍니다.
21,monthly,이달의 방향을 함께 짚어볼 수 있어 감사했습니다. 서가는 언제나 같은 자리에서 당신을 기다리고 있겠습니다. 조심히 돌아가시기 바랍니다.
22,monthly,"이달의 흐름을 함께 살펴보았습니다. 당신이 마주할 이달의 매 순간을 신뢰하며, 조용히 배웅을 전합니다."
23,monthly,"이달을 함께 내다볼 수 있어 감사한 시간이었습니다. 한 달이 지나고 다시 이 서가의 문을 여실 때, 오늘보다 조금 더 단단해진 당신이기를 바랍니다."
24,monthly,이달의 큰 흐름을 정리해 드릴 수 있어 감사했습니다. 이달의 당신이 스스로의 선택을 믿으며 한 걸음씩 나아가시기를 진심으로 응원하겠습니다.
